/*
 Navicat Premium Data Transfer

 Source Server         : lyssa
 Source Server Type    : MySQL
 Source Server Version : 50614
 Source Host           : localhost
 Source Database       : lyssa

 Target Server Type    : MySQL
 Target Server Version : 50614
 File Encoding         : utf-8

 Date: 10/03/2013 15:55:43 PM
*/

SET NAMES utf8;
SET FOREIGN_KEY_CHECKS = 0;

-- ----------------------------
--  Table structure for `activities`
-- ----------------------------
DROP TABLE IF EXISTS `activities`;
CREATE TABLE `activities` (
  `uid` varchar(255) COLLATE utf8_bin NOT NULL,
  `id` int(10) unsigned NOT NULL AUTO_INCREMENT,
  `type` enum('createRevision','createDictionary','createEmployee','createEmployeeBulk','createEvent','editEvent','viewQuizExercise','completeQuizExercise','eventInitialized') CHARACTER SET utf8 NOT NULL,
  `clientUid` varchar(255) COLLATE utf8_bin NOT NULL,
  `employeeUid` varchar(255) COLLATE utf8_bin DEFAULT NULL,
  `templateUid` varchar(255) COLLATE utf8_bin DEFAULT NULL,
  `revisionUid` varchar(255) COLLATE utf8_bin DEFAULT NULL,
  `dictionaryUid` varchar(255) COLLATE utf8_bin DEFAULT NULL,
  `dictionaryItemUid` varchar(255) COLLATE utf8_bin DEFAULT NULL,
  `eventUid` varchar(255) COLLATE utf8_bin DEFAULT NULL,
  `createdAt` datetime NOT NULL,
  `updatedAt` datetime NOT NULL,
  `deletedAt` datetime DEFAULT NULL,
  `clientId` int(11) NOT NULL,
  `employeeId` int(11) DEFAULT NULL,
  `templateId` int(11) DEFAULT NULL,
  `revisionId` int(11) DEFAULT NULL,
  `dictionaryId` int(11) DEFAULT NULL,
  `dictionaryItemId` int(11) DEFAULT NULL,
  `eventId` int(11) DEFAULT NULL,
  PRIMARY KEY (`id`),
  UNIQUE KEY `uid` (`uid`),
  KEY `clientId` (`clientId`),
  KEY `clientUid` (`clientUid`),
  KEY `employeeId` (`employeeId`),
  KEY `employeeUid` (`employeeUid`),
  KEY `templateId` (`templateId`),
  KEY `templateUid` (`templateUid`),
  KEY `revisionId` (`revisionId`),
  KEY `revisionUid` (`revisionUid`),
  KEY `dictionaryId` (`dictionaryId`),
  KEY `dictionaryUid` (`dictionaryUid`),
  KEY `dictionaryItemId` (`dictionaryItemId`),
  KEY `dictionaryItemUid` (`dictionaryItemUid`),
  KEY `eventId` (`eventId`),
  KEY `eventUid` (`eventUid`),
  CONSTRAINT `activities_ibfk_1` FOREIGN KEY (`clientId`) REFERENCES `clients` (`id`) ON DELETE CASCADE ON UPDATE CASCADE,
  CONSTRAINT `activities_ibfk_10` FOREIGN KEY (`dictionaryUid`) REFERENCES `dictionaries` (`uid`) ON DELETE CASCADE ON UPDATE CASCADE,
  CONSTRAINT `activities_ibfk_11` FOREIGN KEY (`dictionaryItemId`) REFERENCES `dictionaryItems` (`id`) ON DELETE CASCADE ON UPDATE CASCADE,
  CONSTRAINT `activities_ibfk_12` FOREIGN KEY (`dictionaryItemUid`) REFERENCES `dictionaryItems` (`uid`) ON DELETE CASCADE ON UPDATE CASCADE,
  CONSTRAINT `activities_ibfk_13` FOREIGN KEY (`eventId`) REFERENCES `events` (`id`) ON DELETE CASCADE ON UPDATE CASCADE,
  CONSTRAINT `activities_ibfk_14` FOREIGN KEY (`eventUid`) REFERENCES `events` (`uid`) ON DELETE CASCADE ON UPDATE CASCADE,
  CONSTRAINT `activities_ibfk_2` FOREIGN KEY (`clientUid`) REFERENCES `clients` (`uid`) ON DELETE CASCADE ON UPDATE CASCADE,
  CONSTRAINT `activities_ibfk_3` FOREIGN KEY (`employeeId`) REFERENCES `employees` (`id`) ON DELETE CASCADE ON UPDATE CASCADE,
  CONSTRAINT `activities_ibfk_4` FOREIGN KEY (`employeeUid`) REFERENCES `employees` (`uid`) ON DELETE CASCADE ON UPDATE CASCADE,
  CONSTRAINT `activities_ibfk_5` FOREIGN KEY (`templateId`) REFERENCES `templates` (`id`) ON DELETE CASCADE ON UPDATE CASCADE,
  CONSTRAINT `activities_ibfk_6` FOREIGN KEY (`templateUid`) REFERENCES `templates` (`uid`) ON DELETE CASCADE ON UPDATE CASCADE,
  CONSTRAINT `activities_ibfk_7` FOREIGN KEY (`revisionId`) REFERENCES `revisions` (`id`) ON DELETE CASCADE ON UPDATE CASCADE,
  CONSTRAINT `activities_ibfk_8` FOREIGN KEY (`revisionUid`) REFERENCES `revisions` (`uid`) ON DELETE CASCADE ON UPDATE CASCADE,
  CONSTRAINT `activities_ibfk_9` FOREIGN KEY (`dictionaryId`) REFERENCES `dictionaries` (`id`) ON DELETE CASCADE ON UPDATE CASCADE
) ENGINE=InnoDB AUTO_INCREMENT=207 DEFAULT CHARSET=utf8 COLLATE=utf8_bin ROW_FORMAT=COMPACT;

-- ----------------------------
--  Records of `activities`
-- ----------------------------
BEGIN;
INSERT INTO `activities` VALUES ('f5a45079-381a-42ad-a9ad-b72a3c73024c', '26', 'createDictionary', '44cc27a5-af8b-412f-855a-57c8205d86f5', '45b7c719-2049-4a44-ad9c-09e858afc48b', null, null, '33a3bf52-726d-482a-adf2-fd8a52e632ba', null, null, '2013-05-30 14:08:50', '2013-05-30 14:08:50', null, '1', '1', null, null, '46', null, null), ('9944d870-32f4-4522-bc56-692f4f8766bc', '27', 'createDictionary', '44cc27a5-af8b-412f-855a-57c8205d86f5', '45b7c719-2049-4a44-ad9c-09e858afc48b', null, null, 'c65ce902-54df-4d49-8a87-6e0601d13d62', null, null, '2013-05-30 14:12:43', '2013-05-30 14:12:43', null, '1', '1', null, null, '47', null, null), ('d9e25e2f-d62b-466f-906a-483860c4e88a', '28', 'createDictionary', '44cc27a5-af8b-412f-855a-57c8205d86f5', '45b7c719-2049-4a44-ad9c-09e858afc48b', null, null, 'aac40f23-2f20-4508-bcf4-d453677b3114', null, null, '2013-05-30 14:24:38', '2013-05-30 14:24:38', null, '1', '1', null, null, '48', null, null), ('98ad40db-678c-46b5-870e-35de021e4be4', '29', 'createDictionary', '44cc27a5-af8b-412f-855a-57c8205d86f5', '45b7c719-2049-4a44-ad9c-09e858afc48b', null, null, 'b37c170f-d727-48d2-9194-4ff8dde85119', null, null, '2013-05-30 14:31:58', '2013-05-30 14:31:58', null, '1', '1', null, null, '49', null, null), ('9bb72eb8-f942-4c9f-860e-78747cf2c7f6', '30', 'createDictionary', '44cc27a5-af8b-412f-855a-57c8205d86f5', '45b7c719-2049-4a44-ad9c-09e858afc48b', null, null, 'd1f6cd62-b834-49d1-bfa0-4aa30eeec23f', null, null, '2013-05-30 14:32:05', '2013-05-30 14:32:05', null, '1', '1', null, null, '50', null, null), ('a3db2acb-845d-4473-9223-c76c146a8153', '31', 'createDictionary', '44cc27a5-af8b-412f-855a-57c8205d86f5', '45b7c719-2049-4a44-ad9c-09e858afc48b', null, null, 'f237acf3-44ea-4d3a-a919-c5a075e50ea6', null, null, '2013-05-30 14:51:10', '2013-05-30 14:51:10', null, '1', '1', null, null, '51', null, null), ('7c38ebf2-c94a-4fe3-9d5a-f3034397ad34', '32', 'createDictionary', '44cc27a5-af8b-412f-855a-57c8205d86f5', '45b7c719-2049-4a44-ad9c-09e858afc48b', null, null, '20620394-aae4-4fe3-a984-f1da7c3d2975', null, null, '2013-05-30 14:51:35', '2013-05-30 14:51:35', null, '1', '1', null, null, '52', null, null), ('8030a275-5f6b-43e7-a265-95650c8db3c3', '33', 'createDictionary', '44cc27a5-af8b-412f-855a-57c8205d86f5', '45b7c719-2049-4a44-ad9c-09e858afc48b', null, null, '5a0e2d07-7558-49ad-bd26-fabd3089d95b', null, null, '2013-05-30 14:52:40', '2013-05-30 14:52:40', null, '1', '1', null, null, '53', null, null), ('9ead8243-6920-4d73-a9ee-bc38bb741908', '34', 'createDictionary', '44cc27a5-af8b-412f-855a-57c8205d86f5', '45b7c719-2049-4a44-ad9c-09e858afc48b', null, null, 'dd401628-574e-4deb-8f73-6cb3ca1cd700', null, null, '2013-05-30 14:53:14', '2013-05-30 14:53:14', null, '1', '1', null, null, '54', null, null), ('5549b69d-9736-450b-aa22-423d6ea658fd', '35', 'createDictionary', '44cc27a5-af8b-412f-855a-57c8205d86f5', '45b7c719-2049-4a44-ad9c-09e858afc48b', null, null, 'e85c6901-2fda-4b7a-8c15-9cf0fd4e3c16', null, null, '2013-05-30 14:58:20', '2013-05-30 14:58:20', null, '1', '1', null, null, '55', null, null), ('23df2c8f-3e12-4bd2-a0b1-c15ffd6d6d46', '36', 'createDictionary', '44cc27a5-af8b-412f-855a-57c8205d86f5', '04ad5b05-c9a5-430f-8d5c-8483d5d904e4', null, null, 'f64cc16e-b6d2-41e0-a37e-7914c84d0f44', null, null, '2013-05-30 14:58:36', '2013-05-30 14:58:36', null, '1', '2', null, null, '56', null, null), ('7a6ff1c2-01a2-4b43-89ae-219da41bc16d', '37', 'createDictionary', '44cc27a5-af8b-412f-855a-57c8205d86f5', '04ad5b05-c9a5-430f-8d5c-8483d5d904e4', null, null, '80a952cb-773f-4107-b2d9-114a3122fd34', null, null, '2013-05-30 17:30:08', '2013-05-30 17:30:08', null, '1', '2', null, null, '61', null, null), ('5046db1d-16b1-4a4e-b497-baa3c82259c8', '38', 'createDictionary', '44cc27a5-af8b-412f-855a-57c8205d86f5', '04ad5b05-c9a5-430f-8d5c-8483d5d904e4', null, null, '1f894050-a46e-4467-8a1b-0c173781d314', null, null, '2013-05-30 17:45:18', '2013-05-30 17:45:18', null, '1', '2', null, null, '62', null, null), ('4d350730-a6af-4c6c-8051-25c825a78590', '39', 'createDictionary', '44cc27a5-af8b-412f-855a-57c8205d86f5', '04ad5b05-c9a5-430f-8d5c-8483d5d904e4', null, null, '6f84b44e-f1aa-4678-8c88-357eaa53a78a', null, null, '2013-05-30 17:46:38', '2013-05-30 17:46:38', null, '1', '2', null, null, '63', null, null), ('6d08ed29-c444-4004-8c05-e06dd8e55a6e', '40', 'createDictionary', '44cc27a5-af8b-412f-855a-57c8205d86f5', '04ad5b05-c9a5-430f-8d5c-8483d5d904e4', null, null, '6814d498-8362-4837-9dae-50e5a1e0bd35', null, null, '2013-05-30 17:47:26', '2013-05-30 17:47:26', null, '1', '2', null, null, '64', null, null), ('4055d8a6-00a2-46cb-b7f8-7b9363ac461c', '41', 'createDictionary', '44cc27a5-af8b-412f-855a-57c8205d86f5', '04ad5b05-c9a5-430f-8d5c-8483d5d904e4', null, null, '48682476-3f02-4b17-8619-0d499a6239ec', null, null, '2013-05-30 17:48:46', '2013-05-30 17:48:46', null, '1', '2', null, null, '65', null, null), ('a7b3ca68-ec0a-47c0-a7ee-317681cf259c', '42', 'createDictionary', '44cc27a5-af8b-412f-855a-57c8205d86f5', '04ad5b05-c9a5-430f-8d5c-8483d5d904e4', null, null, '9c2804ed-55bb-4c2d-9348-7753c0ff7958', null, null, '2013-05-30 17:56:12', '2013-05-30 17:56:12', null, '1', '2', null, null, '66', null, null), ('b42e1cd0-2843-4aab-91e8-204585f02e62', '43', 'createDictionary', '44cc27a5-af8b-412f-855a-57c8205d86f5', '04ad5b05-c9a5-430f-8d5c-8483d5d904e4', null, null, '3f6d6554-db18-42db-878c-c267d4af1ac2', null, null, '2013-05-30 17:57:19', '2013-05-30 17:57:19', null, '1', '2', null, null, '67', null, null), ('24a849b7-b6d3-433c-9894-0b6a08407a23', '44', 'createDictionary', '44cc27a5-af8b-412f-855a-57c8205d86f5', '04ad5b05-c9a5-430f-8d5c-8483d5d904e4', null, null, '1ef9a503-0d12-436f-9a08-fcb739017492', null, null, '2013-05-30 17:57:26', '2013-05-30 17:57:26', null, '1', '2', null, null, '68', null, null), ('93b328e8-c565-4ab0-af48-df25d4f2d42a', '45', 'createDictionary', '44cc27a5-af8b-412f-855a-57c8205d86f5', '04ad5b05-c9a5-430f-8d5c-8483d5d904e4', null, null, 'f0e66b3e-401a-473a-942d-13cef2f3f3e2', null, null, '2013-05-30 17:57:49', '2013-05-30 17:57:49', null, '1', '2', null, null, '69', null, null), ('52edb522-8792-457c-bcef-3c7617b127a7', '46', 'createDictionary', '44cc27a5-af8b-412f-855a-57c8205d86f5', '04ad5b05-c9a5-430f-8d5c-8483d5d904e4', null, null, '6fdc2728-af54-4fdf-b3f2-81fd4bf34448', null, null, '2013-05-30 17:57:54', '2013-05-30 17:57:54', null, '1', '2', null, null, '70', null, null), ('7d630b1e-d8bd-4564-9e3b-f2000985a54e', '47', 'createDictionary', '44cc27a5-af8b-412f-855a-57c8205d86f5', '04ad5b05-c9a5-430f-8d5c-8483d5d904e4', null, null, '49a2b779-7b9f-441d-b3c2-1e52600dd50c', null, null, '2013-05-30 19:09:49', '2013-05-30 19:09:49', null, '1', '2', null, null, '71', null, null), ('95a0b120-abe5-41b2-9ac0-77156547e95e', '48', 'createDictionary', '44cc27a5-af8b-412f-855a-57c8205d86f5', '04ad5b05-c9a5-430f-8d5c-8483d5d904e4', null, null, 'aed05a2e-5395-43c8-97d5-ca2450d0bb73', null, null, '2013-05-30 19:10:12', '2013-05-30 19:10:12', null, '1', '2', null, null, '72', null, null), ('a5b303be-6136-4ad7-8862-cb6a163ac4e7', '49', 'createDictionary', '44cc27a5-af8b-412f-855a-57c8205d86f5', '04ad5b05-c9a5-430f-8d5c-8483d5d904e4', null, null, 'ce942e84-1ce7-4f78-9bba-97a959461432', null, null, '2013-05-30 19:39:24', '2013-05-30 19:39:24', null, '1', '2', null, null, '73', null, null), ('5105dc39-a7a5-452b-a73c-021c895027ec', '54', 'createDictionary', '44cc27a5-af8b-412f-855a-57c8205d86f5', '04ad5b05-c9a5-430f-8d5c-8483d5d904e4', null, null, '97ff9162-532b-4700-9e9d-49accf028c00', null, null, '2013-05-30 20:08:32', '2013-05-30 20:08:32', null, '1', '2', null, null, '74', null, null), ('0d3559e2-b9cd-4871-9adb-531ef7556d0f', '55', 'createDictionary', '44cc27a5-af8b-412f-855a-57c8205d86f5', '04ad5b05-c9a5-430f-8d5c-8483d5d904e4', null, null, '3cbb8d73-a49e-42b7-b72f-6c58a7edfd54', null, null, '2013-05-30 20:43:57', '2013-05-30 20:43:57', null, '1', '2', null, null, '75', null, null), ('ad3f4e69-77df-47a7-803c-b2c1c286b38b', '56', 'createDictionary', '44cc27a5-af8b-412f-855a-57c8205d86f5', '04ad5b05-c9a5-430f-8d5c-8483d5d904e4', null, null, '991ed557-b30e-4944-897a-7250e77424e8', null, null, '2013-05-30 21:18:57', '2013-05-30 21:18:57', null, '1', '2', null, null, '76', null, null), ('c5e85ecc-bb08-4e97-a61c-3ea11611740f', '57', 'createDictionary', '44cc27a5-af8b-412f-855a-57c8205d86f5', '04ad5b05-c9a5-430f-8d5c-8483d5d904e4', null, null, 'b67d1205-d95a-41b3-a7bb-ce321860ed87', null, null, '2013-05-30 21:20:55', '2013-05-30 21:20:55', null, '1', '2', null, null, '77', null, null), ('845c2631-8795-41d7-813f-020b761df2d2', '58', 'createDictionary', '44cc27a5-af8b-412f-855a-57c8205d86f5', '04ad5b05-c9a5-430f-8d5c-8483d5d904e4', null, null, 'a4df6791-c612-4b05-a5c2-d1b9a244f17f', null, null, '2013-05-30 21:21:09', '2013-05-30 21:21:09', null, '1', '2', null, null, '78', null, null), ('9f4f172c-0073-450d-bad1-55391180382f', '59', 'createDictionary', '44cc27a5-af8b-412f-855a-57c8205d86f5', '04ad5b05-c9a5-430f-8d5c-8483d5d904e4', null, null, 'c0a07462-a8b1-4887-bbec-c0c0e260efee', null, null, '2013-05-30 21:22:11', '2013-05-30 21:22:11', null, '1', '2', null, null, '79', null, null), ('48f2eaf8-5d35-48b4-bfcf-9cc77d2cece0', '60', 'createDictionary', '44cc27a5-af8b-412f-855a-57c8205d86f5', '04ad5b05-c9a5-430f-8d5c-8483d5d904e4', null, null, '3690765b-b15e-43b5-a0ab-7f02e318b0eb', null, null, '2013-05-31 18:55:38', '2013-05-31 18:55:38', null, '1', '2', null, null, '80', null, null), ('947c9145-ace9-4df4-beb8-e805dc0e636b', '62', 'createDictionary', '44cc27a5-af8b-412f-855a-57c8205d86f5', '04ad5b05-c9a5-430f-8d5c-8483d5d904e4', null, null, 'adbec686-3943-41e2-b4a0-c19254856f6b', null, null, '2013-05-31 19:08:01', '2013-05-31 19:08:01', null, '1', '2', null, null, '81', null, null), ('b459702b-b16f-4556-9701-e5298e027bdd', '77', 'createDictionary', '44cc27a5-af8b-412f-855a-57c8205d86f5', '45b7c719-2049-4a44-ad9c-09e858afc48b', null, null, '05158514-1437-420b-aff2-713455081c93', null, null, '2013-06-04 23:18:45', '2013-06-04 23:18:45', null, '1', '1', null, null, '82', null, null), ('8a8f7bfa-3a70-47d4-9376-5ebeec0c3d0d', '78', 'createDictionary', '44cc27a5-af8b-412f-855a-57c8205d86f5', '45b7c719-2049-4a44-ad9c-09e858afc48b', null, null, 'b4a402da-9f46-4322-9b7b-b75dc8e0925b', null, null, '2013-06-04 23:20:58', '2013-06-04 23:20:58', null, '1', '1', null, null, '83', null, null), ('f4a59f60-dbc2-4c25-a720-fd284ce06915', '79', 'createDictionary', '44cc27a5-af8b-412f-855a-57c8205d86f5', '45b7c719-2049-4a44-ad9c-09e858afc48b', null, null, '0efc46d3-9662-44a7-ae77-accae5658163', null, null, '2013-06-04 23:22:04', '2013-06-04 23:22:04', null, '1', '1', null, null, '84', null, null), ('a5937e9b-9c00-4d2e-8be1-e420a94b5afc', '80', 'createDictionary', '44cc27a5-af8b-412f-855a-57c8205d86f5', '45b7c719-2049-4a44-ad9c-09e858afc48b', null, null, 'ac4df8ab-7e77-497b-8883-d79ae02ece93', null, null, '2013-06-04 23:25:51', '2013-06-04 23:25:51', null, '1', '1', null, null, '85', null, null), ('413dfef1-cdb0-4721-81ac-0b6ed988f7b7', '81', 'createDictionary', '44cc27a5-af8b-412f-855a-57c8205d86f5', '45b7c719-2049-4a44-ad9c-09e858afc48b', null, null, '66ce516c-d86d-43e2-a52d-d5f0bb14e947', null, null, '2013-06-04 23:26:45', '2013-06-04 23:26:45', null, '1', '1', null, null, '86', null, null), ('38bb9341-d9d2-4829-a60e-16c940fff85b', '82', 'createDictionary', '44cc27a5-af8b-412f-855a-57c8205d86f5', '45b7c719-2049-4a44-ad9c-09e858afc48b', null, null, '576634d5-1f20-48b5-9ab4-52905fb3e0bb', null, null, '2013-06-04 23:27:34', '2013-06-04 23:27:34', null, '1', '1', null, null, '87', null, null), ('aca920ec-00b9-4569-aa7b-5a5a8f8bc612', '83', 'createDictionary', '44cc27a5-af8b-412f-855a-57c8205d86f5', '45b7c719-2049-4a44-ad9c-09e858afc48b', null, null, 'a82423a2-22fd-4795-b467-5552f35f5f98', null, null, '2013-06-04 23:28:44', '2013-06-04 23:28:44', null, '1', '1', null, null, '88', null, null), ('6fb34650-c837-4eb6-8954-fe6415f8a49d', '84', 'createDictionary', '44cc27a5-af8b-412f-855a-57c8205d86f5', '45b7c719-2049-4a44-ad9c-09e858afc48b', null, null, 'f804223e-87f7-4de1-8225-4b8685c25f9b', null, null, '2013-06-04 23:29:35', '2013-06-04 23:29:35', null, '1', '1', null, null, '89', null, null), ('6ef9a1ae-521f-48df-be93-a92c74e391de', '85', 'createDictionary', '44cc27a5-af8b-412f-855a-57c8205d86f5', '45b7c719-2049-4a44-ad9c-09e858afc48b', null, null, 'c8149c10-5203-4d31-aed9-8d54bf758ef0', null, null, '2013-06-04 23:29:53', '2013-06-04 23:29:53', null, '1', '1', null, null, '90', null, null), ('33403968-0080-4954-926e-b343e872562a', '86', 'createDictionary', '44cc27a5-af8b-412f-855a-57c8205d86f5', '45b7c719-2049-4a44-ad9c-09e858afc48b', null, null, '9253c12e-19f4-4415-9bb4-f416829be296', null, null, '2013-06-04 23:30:00', '2013-06-04 23:30:00', null, '1', '1', null, null, '91', null, null), ('e1401937-a579-4426-a30f-bb893b636db8', '87', 'createDictionary', '44cc27a5-af8b-412f-855a-57c8205d86f5', '45b7c719-2049-4a44-ad9c-09e858afc48b', null, null, '8d141b77-1b0c-4783-ae67-cfe2715178ee', null, null, '2013-06-04 23:30:12', '2013-06-04 23:30:12', null, '1', '1', null, null, '92', null, null), ('9443f263-23bf-4d21-9169-cab3231914c4', '88', 'createDictionary', '44cc27a5-af8b-412f-855a-57c8205d86f5', '45b7c719-2049-4a44-ad9c-09e858afc48b', null, null, '6e0e0305-0684-4470-b822-748f78f54b83', null, null, '2013-06-04 23:31:27', '2013-06-04 23:31:27', null, '1', '1', null, null, '93', null, null), ('d6b73f61-8e72-4f65-b8f5-86f11951303d', '89', 'createDictionary', '44cc27a5-af8b-412f-855a-57c8205d86f5', '45b7c719-2049-4a44-ad9c-09e858afc48b', null, null, 'b21bca9a-d38c-41f2-8450-5ebc871cb1e7', null, null, '2013-06-04 23:34:38', '2013-06-04 23:34:38', null, '1', '1', null, null, '94', null, null), ('12170326-9046-46b4-9ec5-388141526c1c', '90', 'createDictionary', '44cc27a5-af8b-412f-855a-57c8205d86f5', '45b7c719-2049-4a44-ad9c-09e858afc48b', null, null, 'eb53554c-4d60-459d-9ffa-ee81ec5f65b7', null, null, '2013-06-04 23:36:13', '2013-06-04 23:36:13', null, '1', '1', null, null, '95', null, null), ('531318ad-6106-4925-a2ee-67f917b1de4a', '124', 'createDictionary', '44cc27a5-af8b-412f-855a-57c8205d86f5', '45b7c719-2049-4a44-ad9c-09e858afc48b', null, null, '9c96198e-4d54-4a4d-a907-db34eed928bd', null, null, '2013-06-08 22:03:59', '2013-06-08 22:03:59', null, '1', '1', null, null, '96', null, null), ('cefbda85-ca89-4022-ad63-71a3239936fc', '125', 'createDictionary', '44cc27a5-af8b-412f-855a-57c8205d86f5', '45b7c719-2049-4a44-ad9c-09e858afc48b', null, null, 'af89d194-0cba-4adb-8da6-754f9bbf9e5a', null, null, '2013-06-08 22:04:07', '2013-06-08 22:04:07', null, '1', '1', null, null, '97', null, null), ('2ad25171-3d4d-4451-83f0-dd8d373deb1a', '128', 'createDictionary', '44cc27a5-af8b-412f-855a-57c8205d86f5', '45b7c719-2049-4a44-ad9c-09e858afc48b', null, null, '88fade8d-2e89-4b21-a589-3e935b786ebc', null, null, '2013-06-08 22:36:11', '2013-06-08 22:36:11', null, '1', '1', null, null, '98', null, null), ('72d4a7bc-dd79-4568-8a62-5d43a2ee4c9b', '129', 'createDictionary', '44cc27a5-af8b-412f-855a-57c8205d86f5', '45b7c719-2049-4a44-ad9c-09e858afc48b', null, null, 'c51e6516-71c3-4856-8441-d6c627757a2c', null, null, '2013-06-08 22:40:42', '2013-06-08 22:40:42', null, '1', '1', null, null, '99', null, null), ('d6165208-1f30-452b-971b-543dd674363a', '130', 'createDictionary', '44cc27a5-af8b-412f-855a-57c8205d86f5', '45b7c719-2049-4a44-ad9c-09e858afc48b', null, null, '9f4b87d4-3896-489a-9def-240b50551a26', null, null, '2013-06-08 22:40:57', '2013-06-08 22:40:57', null, '1', '1', null, null, '100', null, null), ('2eb7a80f-98f6-49d0-9efc-fe3956973bac', '131', 'createDictionary', '44cc27a5-af8b-412f-855a-57c8205d86f5', '45b7c719-2049-4a44-ad9c-09e858afc48b', null, null, '6f7da081-1dfa-4d17-ad1b-e5d562afac9a', null, null, '2013-06-08 22:41:58', '2013-06-08 22:41:58', null, '1', '1', null, null, '101', null, null), ('4973da0a-4b18-4530-ab6c-df2f5e167b85', '132', 'createDictionary', '44cc27a5-af8b-412f-855a-57c8205d86f5', '45b7c719-2049-4a44-ad9c-09e858afc48b', null, null, '04ac9ac1-fc12-483b-91e6-948105ce7b78', null, null, '2013-06-08 22:42:42', '2013-06-08 22:42:42', null, '1', '1', null, null, '102', null, null), ('1b61a4a5-097f-4f68-bf50-3a8dee2f1fb0', '133', 'createDictionary', '44cc27a5-af8b-412f-855a-57c8205d86f5', '45b7c719-2049-4a44-ad9c-09e858afc48b', null, null, '60b76470-d7de-4dd3-ba23-9cb4622fff51', null, null, '2013-06-08 22:43:09', '2013-06-08 22:43:09', null, '1', '1', null, null, '103', null, null), ('5ef296c5-0df2-4e97-a13d-6957c17cba6a', '134', 'createDictionary', '44cc27a5-af8b-412f-855a-57c8205d86f5', '45b7c719-2049-4a44-ad9c-09e858afc48b', null, null, 'fb7ee04d-2345-4039-9ccf-a3f0a4956b87', null, null, '2013-06-08 22:45:11', '2013-06-08 22:45:11', null, '1', '1', null, null, '104', null, null), ('e5dcdbb6-79af-4b9d-b847-f821f2ee3b50', '135', 'createDictionary', '44cc27a5-af8b-412f-855a-57c8205d86f5', '45b7c719-2049-4a44-ad9c-09e858afc48b', null, null, '64cc2a32-f7be-4122-961e-6fe128bf3534', null, null, '2013-06-08 22:46:24', '2013-06-08 22:46:24', null, '1', '1', null, null, '105', null, null), ('3639b3ba-335c-46c7-96e8-b708883edba8', '136', 'createDictionary', '44cc27a5-af8b-412f-855a-57c8205d86f5', '45b7c719-2049-4a44-ad9c-09e858afc48b', null, null, 'a674e68f-d8bb-48bf-aa66-f233e1690894', null, null, '2013-06-08 22:47:05', '2013-06-08 22:47:05', null, '1', '1', null, null, '106', null, null), ('dea4c4cd-989f-45e3-b9d3-4d3a91b798f5', '137', 'createDictionary', '44cc27a5-af8b-412f-855a-57c8205d86f5', '45b7c719-2049-4a44-ad9c-09e858afc48b', null, null, 'a3869ab6-2fa7-4e61-8d04-2452f7af6891', null, null, '2013-06-08 22:47:26', '2013-06-08 22:47:26', null, '1', '1', null, null, '107', null, null), ('c2d35143-28b9-4aaf-93cf-5cdb55da6460', '138', 'createDictionary', '44cc27a5-af8b-412f-855a-57c8205d86f5', '45b7c719-2049-4a44-ad9c-09e858afc48b', null, null, '9c4264c2-e0dc-4af5-bce8-655e6f108d13', null, null, '2013-06-08 22:47:53', '2013-06-08 22:47:53', null, '1', '1', null, null, '108', null, null), ('3c2dc0c8-f89d-444e-ba56-135f4fe4827d', '139', 'createDictionary', '44cc27a5-af8b-412f-855a-57c8205d86f5', '45b7c719-2049-4a44-ad9c-09e858afc48b', null, null, '88972008-72be-4de0-ac66-74fbee6049a1', null, null, '2013-06-08 22:48:05', '2013-06-08 22:48:05', null, '1', '1', null, null, '109', null, null), ('7ada96c7-548b-44d6-ae0c-96a7c323c1ca', '140', 'createDictionary', '44cc27a5-af8b-412f-855a-57c8205d86f5', '45b7c719-2049-4a44-ad9c-09e858afc48b', null, null, '1361a990-6094-4e0c-b960-b9a137bbbfd6', null, null, '2013-06-08 22:48:16', '2013-06-08 22:48:16', null, '1', '1', null, null, '110', null, null), ('3ed2bb77-41b1-4ad2-994e-f562ef02870d', '142', 'createEvent', '44cc27a5-af8b-412f-855a-57c8205d86f5', '45b7c719-2049-4a44-ad9c-09e858afc48b', null, null, null, null, 'fab98b6f-580a-4115-84a5-ef69c51e64a2', '2013-06-30 14:08:53', '2013-06-30 14:08:53', null, '1', '1', null, null, null, null, '90'), ('8d9d16a4-0f01-491b-b4c1-1a5ba0fe6283', '143', 'eventInitialized', '44cc27a5-af8b-412f-855a-57c8205d86f5', null, null, null, null, null, 'fab98b6f-580a-4115-84a5-ef69c51e64a2', '2013-06-30 14:25:18', '2013-06-30 14:25:18', null, '1', null, null, null, null, null, '90'), ('831c4871-09d5-4815-848c-449493bd334b', '144', 'eventInitialized', '44cc27a5-af8b-412f-855a-57c8205d86f5', null, null, null, null, null, 'fab98b6f-580a-4115-84a5-ef69c51e64a2', '2013-06-30 14:25:51', '2013-06-30 14:25:51', null, '1', null, null, null, null, null, '90'), ('cb36ff28-f7db-4834-aa8e-37666bc433a6', '145', 'eventInitialized', '44cc27a5-af8b-412f-855a-57c8205d86f5', null, null, null, null, null, 'fab98b6f-580a-4115-84a5-ef69c51e64a2', '2013-06-30 14:26:05', '2013-06-30 14:26:05', null, '1', null, null, null, null, null, '90'), ('6aec160d-552e-4596-a818-4c1f1cfe0d72', '146', 'createEvent', '44cc27a5-af8b-412f-855a-57c8205d86f5', '45b7c719-2049-4a44-ad9c-09e858afc48b', null, null, null, null, '134c8630-c306-41ac-8197-8c913d31e2b5', '2013-06-30 15:05:24', '2013-06-30 15:05:24', null, '1', '1', null, null, null, null, '91'), ('7b9db086-7d12-4666-a45e-37d96bf5e25b', '147', 'eventInitialized', '44cc27a5-af8b-412f-855a-57c8205d86f5', null, null, null, null, null, '134c8630-c306-41ac-8197-8c913d31e2b5', '2013-06-30 15:05:24', '2013-06-30 15:05:24', null, '1', null, null, null, null, null, '91'), ('9e61c31e-c8f1-44a3-bfa6-e403236610ad', '148', 'createEvent', '44cc27a5-af8b-412f-855a-57c8205d86f5', '45b7c719-2049-4a44-ad9c-09e858afc48b', null, null, null, null, '9e6ee8a6-ebf6-4dcc-8716-ceb93ee05458', '2013-07-01 12:48:00', '2013-07-01 12:48:00', null, '1', '1', null, null, null, null, '92'), ('4fa3e921-5f96-4e4a-83eb-ce3fa3e51a16', '149', 'eventInitialized', '44cc27a5-af8b-412f-855a-57c8205d86f5', null, null, null, null, null, '9e6ee8a6-ebf6-4dcc-8716-ceb93ee05458', '2013-07-01 12:48:00', '2013-07-01 12:48:00', null, '1', null, null, null, null, null, '92'), ('58b29de5-e0ea-4c81-a937-152635f06803', '150', 'createEvent', '44cc27a5-af8b-412f-855a-57c8205d86f5', '45b7c719-2049-4a44-ad9c-09e858afc48b', null, null, null, null, 'f19d942a-b2cc-401b-878f-baf736357641', '2013-07-01 12:49:30', '2013-07-01 12:49:30', null, '1', '1', null, null, null, null, '93'), ('80f1c074-aac2-43c4-bd9e-84df8e050b9c', '151', 'eventInitialized', '44cc27a5-af8b-412f-855a-57c8205d86f5', null, null, null, null, null, 'f19d942a-b2cc-401b-878f-baf736357641', '2013-07-01 12:49:30', '2013-07-01 12:49:30', null, '1', null, null, null, null, null, '93'), ('123e43e9-5631-4457-bf6b-c206ea5bc011', '152', 'createEvent', '44cc27a5-af8b-412f-855a-57c8205d86f5', '45b7c719-2049-4a44-ad9c-09e858afc48b', null, null, null, null, 'c0b1c0ad-cd45-4069-8fe0-793105738017', '2013-07-01 12:50:31', '2013-07-01 12:50:31', null, '1', '1', null, null, null, null, '94'), ('4eea72c2-a75d-4599-acf0-a38acb8db79c', '153', 'eventInitialized', '44cc27a5-af8b-412f-855a-57c8205d86f5', null, null, null, null, null, 'c0b1c0ad-cd45-4069-8fe0-793105738017', '2013-07-01 12:50:31', '2013-07-01 12:50:31', null, '1', null, null, null, null, null, '94'), ('7b0efec9-b7aa-48bb-95bc-9186eee37597', '154', 'createEvent', '44cc27a5-af8b-412f-855a-57c8205d86f5', '45b7c719-2049-4a44-ad9c-09e858afc48b', null, null, null, null, 'b35bb422-2b23-4eb8-85a0-9e094893247d', '2013-07-01 12:51:43', '2013-07-01 12:51:43', null, '1', '1', null, null, null, null, '95'), ('0e74f3cc-a56c-47d9-8834-3dcc4610b21b', '155', 'eventInitialized', '44cc27a5-af8b-412f-855a-57c8205d86f5', null, null, null, null, null, 'b35bb422-2b23-4eb8-85a0-9e094893247d', '2013-07-01 12:51:43', '2013-07-01 12:51:43', null, '1', null, null, null, null, null, '95'), ('7c8b4651-b7e8-4702-b443-6cf6d0e134fe', '156', 'createEvent', '44cc27a5-af8b-412f-855a-57c8205d86f5', '45b7c719-2049-4a44-ad9c-09e858afc48b', null, null, null, null, '196062a0-483c-4aec-bc8a-263770c3b78c', '2013-07-01 12:59:27', '2013-07-01 12:59:27', null, '1', '1', null, null, null, null, '96'), ('b95756ef-344f-4852-8853-8ccf70f10d89', '157', 'eventInitialized', '44cc27a5-af8b-412f-855a-57c8205d86f5', null, null, null, null, null, '196062a0-483c-4aec-bc8a-263770c3b78c', '2013-07-01 12:59:27', '2013-07-01 12:59:27', null, '1', null, null, null, null, null, '96'), ('6560d33a-9a4b-4b7d-a7d1-79c6262d2014', '158', 'createEvent', '44cc27a5-af8b-412f-855a-57c8205d86f5', '45b7c719-2049-4a44-ad9c-09e858afc48b', null, null, null, null, '411b7b0f-c1db-444a-af92-2b21d17d79aa', '2013-07-01 13:08:07', '2013-07-01 13:08:07', null, '1', '1', null, null, null, null, '97'), ('3ace66e8-754a-4d9b-aa3d-117eaa53450f', '159', 'eventInitialized', '44cc27a5-af8b-412f-855a-57c8205d86f5', null, null, null, null, null, '411b7b0f-c1db-444a-af92-2b21d17d79aa', '2013-07-01 13:08:07', '2013-07-01 13:08:07', null, '1', null, null, null, null, null, '97'), ('6ab4d17c-1366-4e83-af30-9c12d0c93b73', '160', 'eventInitialized', '44cc27a5-af8b-412f-855a-57c8205d86f5', null, null, null, null, null, '134c8630-c306-41ac-8197-8c913d31e2b5', '2013-07-01 13:09:46', '2013-07-01 13:09:46', null, '1', null, null, null, null, null, '91'), ('127c930e-db30-48e4-a6cd-4dd38a2cbdec', '161', 'eventInitialized', '44cc27a5-af8b-412f-855a-57c8205d86f5', null, null, null, null, null, '411b7b0f-c1db-444a-af92-2b21d17d79aa', '2013-07-01 13:10:01', '2013-07-01 13:10:01', null, '1', null, null, null, null, null, '97'), ('8aa1ffab-aee9-424b-be58-ba4bee5a5eb5', '162', 'eventInitialized', '44cc27a5-af8b-412f-855a-57c8205d86f5', null, null, null, null, null, '411b7b0f-c1db-444a-af92-2b21d17d79aa', '2013-07-01 13:11:15', '2013-07-01 13:11:15', null, '1', null, null, null, null, null, '97'), ('26ff42f1-b005-4c66-9f22-e28418585104', '163', 'eventInitialized', '44cc27a5-af8b-412f-855a-57c8205d86f5', null, null, null, null, null, '411b7b0f-c1db-444a-af92-2b21d17d79aa', '2013-07-01 13:12:45', '2013-07-01 13:12:45', null, '1', null, null, null, null, null, '97'), ('93ce1dae-5330-455d-a039-36b83bfbbedf', '164', 'eventInitialized', '44cc27a5-af8b-412f-855a-57c8205d86f5', null, null, null, null, null, '411b7b0f-c1db-444a-af92-2b21d17d79aa', '2013-07-01 13:15:33', '2013-07-01 13:15:33', null, '1', null, null, null, null, null, '97'), ('244d20f4-5ceb-42ba-858a-83512c935d06', '165', 'eventInitialized', '44cc27a5-af8b-412f-855a-57c8205d86f5', null, null, null, null, null, '411b7b0f-c1db-444a-af92-2b21d17d79aa', '2013-07-01 13:16:30', '2013-07-01 13:16:30', null, '1', null, null, null, null, null, '97'), ('865d5551-aaca-422a-ae84-7b9a5ab6422f', '166', 'eventInitialized', '44cc27a5-af8b-412f-855a-57c8205d86f5', null, null, null, null, null, '411b7b0f-c1db-444a-af92-2b21d17d79aa', '2013-07-01 13:17:21', '2013-07-01 13:17:21', null, '1', null, null, null, null, null, '97'), ('19586080-359b-469a-a567-f43ca680c2af', '167', 'eventInitialized', '44cc27a5-af8b-412f-855a-57c8205d86f5', null, null, null, null, null, '411b7b0f-c1db-444a-af92-2b21d17d79aa', '2013-07-01 13:20:31', '2013-07-01 13:20:31', null, '1', null, null, null, null, null, '97'), ('4213ed1e-4193-4249-b8e4-821a593d808f', '168', 'createEvent', '44cc27a5-af8b-412f-855a-57c8205d86f5', '45b7c719-2049-4a44-ad9c-09e858afc48b', null, null, null, null, 'befc58b2-e784-498a-80e2-6bd21beb5419', '2013-07-01 13:23:54', '2013-07-01 13:23:54', null, '1', '1', null, null, null, null, '98'), ('162fa11d-5574-4612-9aae-3a1bba9e6ee1', '169', 'eventInitialized', '44cc27a5-af8b-412f-855a-57c8205d86f5', null, null, null, null, null, 'befc58b2-e784-498a-80e2-6bd21beb5419', '2013-07-01 13:23:54', '2013-07-01 13:23:54', null, '1', null, null, null, null, null, '98'), ('ebbb4a8c-f63c-4ab7-8ee6-b410000db7b8', '170', 'createEvent', '44cc27a5-af8b-412f-855a-57c8205d86f5', '45b7c719-2049-4a44-ad9c-09e858afc48b', null, null, null, null, '99decc52-68e1-4cd5-90aa-3cbd9aa0d0fd', '2013-07-01 13:25:40', '2013-07-01 13:25:40', null, '1', '1', null, null, null, null, '99'), ('7f8f5d09-46fc-4cb8-a07d-a79e661c59b9', '171', 'eventInitialized', '44cc27a5-af8b-412f-855a-57c8205d86f5', null, null, null, null, null, '99decc52-68e1-4cd5-90aa-3cbd9aa0d0fd', '2013-07-01 13:25:40', '2013-07-01 13:25:40', null, '1', null, null, null, null, null, '99'), ('653327a8-11ea-4cf9-89e8-fe44eae6da5c', '172', 'createEvent', '44cc27a5-af8b-412f-855a-57c8205d86f5', '45b7c719-2049-4a44-ad9c-09e858afc48b', null, null, null, null, '9dc3eb92-3c9f-460c-812a-895c9733368b', '2013-07-01 13:27:04', '2013-07-01 13:27:04', null, '1', '1', null, null, null, null, '100'), ('3f182182-9433-4c91-982c-77ae72d09518', '173', 'eventInitialized', '44cc27a5-af8b-412f-855a-57c8205d86f5', null, null, null, null, null, '9dc3eb92-3c9f-460c-812a-895c9733368b', '2013-07-01 13:27:04', '2013-07-01 13:27:04', null, '1', null, null, null, null, null, '100'), ('78fad338-bb27-481c-ae52-2e251840f5de', '174', 'createEvent', '44cc27a5-af8b-412f-855a-57c8205d86f5', '45b7c719-2049-4a44-ad9c-09e858afc48b', null, null, null, null, 'e5bff602-b5d9-437f-ab8d-8e99f37289af', '2013-07-01 17:01:42', '2013-07-01 17:01:42', null, '1', '1', null, null, null, null, '101'), ('b79b206a-2da6-4fc2-a55c-b82bb29a41cd', '175', 'eventInitialized', '44cc27a5-af8b-412f-855a-57c8205d86f5', null, null, null, null, null, 'e5bff602-b5d9-437f-ab8d-8e99f37289af', '2013-07-01 17:01:42', '2013-07-01 17:01:42', null, '1', null, null, null, null, null, '101'), ('b5ff8671-2f10-4a82-9b37-27a982c18fd3', '176', 'createEmployee', '44cc27a5-af8b-412f-855a-57c8205d86f5', 'b984b960-4022-437c-bce5-98b74138f934', null, null, null, null, null, '2013-07-01 17:04:54', '2013-07-01 17:04:54', null, '1', '47583', null, null, null, null, null), ('e088a880-5fe6-40f2-aaa3-5852a4cb1407', '177', 'createEvent', '44cc27a5-af8b-412f-855a-57c8205d86f5', '45b7c719-2049-4a44-ad9c-09e858afc48b', null, null, null, null, 'cc5173cb-fcf9-4d75-9da4-467f2da815ee', '2013-07-03 14:48:47', '2013-07-03 14:48:47', null, '1', '1', null, null, null, null, '102'), ('43dd3e4a-1c71-43f9-9f16-bdcf3eaee894', '178', 'eventInitialized', '44cc27a5-af8b-412f-855a-57c8205d86f5', null, null, null, null, null, 'cc5173cb-fcf9-4d75-9da4-467f2da815ee', '2013-07-03 16:15:19', '2013-07-03 16:15:19', null, '1', null, null, null, null, null, '102'), ('ae81eb27-eaf4-4a55-b0a2-748ee7d939a1', '179', 'createEvent', '44cc27a5-af8b-412f-855a-57c8205d86f5', '45b7c719-2049-4a44-ad9c-09e858afc48b', null, null, null, null, 'a1afa4f2-4634-4f86-b026-2df3a1fb5a40', '2013-07-03 16:17:52', '2013-07-03 16:17:52', null, '1', '1', null, null, null, null, '103'), ('8130ad50-9011-46b8-bc6e-1af042546380', '180', 'eventInitialized', '44cc27a5-af8b-412f-855a-57c8205d86f5', null, null, null, null, null, 'a1afa4f2-4634-4f86-b026-2df3a1fb5a40', '2013-07-03 16:18:10', '2013-07-03 16:18:10', null, '1', null, null, null, null, null, '103'), ('b8760f46-3d31-4688-b555-f5ec792b3788', '181', 'eventInitialized', '44cc27a5-af8b-412f-855a-57c8205d86f5', null, null, null, null, null, 'a1afa4f2-4634-4f86-b026-2df3a1fb5a40', '2013-07-03 16:18:49', '2013-07-03 16:18:49', null, '1', null, null, null, null, null, '103'), ('9ea3ba29-785c-4978-80d9-e97ab824c3e1', '182', 'eventInitialized', '44cc27a5-af8b-412f-855a-57c8205d86f5', null, null, null, null, null, 'a1afa4f2-4634-4f86-b026-2df3a1fb5a40', '2013-07-03 16:20:40', '2013-07-03 16:20:40', null, '1', null, null, null, null, null, '103'), ('501b4269-828a-4294-8b78-4a1882ee94c3', '183', 'createEvent', '44cc27a5-af8b-412f-855a-57c8205d86f5', '45b7c719-2049-4a44-ad9c-09e858afc48b', null, null, null, null, 'fc7df6e8-87c5-47df-8867-a991c5ecc3f8', '2013-07-04 15:30:28', '2013-07-04 15:30:28', null, '1', '1', null, null, null, null, '104'), ('c08ff213-fab9-4dca-8931-508fe79ba1b9', '184', 'eventInitialized', '44cc27a5-af8b-412f-855a-57c8205d86f5', null, null, null, null, null, 'fc7df6e8-87c5-47df-8867-a991c5ecc3f8', '2013-07-04 15:30:28', '2013-07-04 15:30:28', null, '1', null, null, null, null, null, '104'), ('77b01199-1f24-4693-a16f-91101a7fb296', '185', 'createEvent', '44cc27a5-af8b-412f-855a-57c8205d86f5', '45b7c719-2049-4a44-ad9c-09e858afc48b', null, null, null, null, '5b710fdf-ea7d-43f5-898c-78e0abe4e149', '2013-07-04 18:29:13', '2013-07-04 18:29:13', null, '1', '1', null, null, null, null, '105'), ('3d17108b-a6fe-4876-94a4-b2797eb62f6c', '186', 'eventInitialized', '44cc27a5-af8b-412f-855a-57c8205d86f5', null, null, null, null, null, '5b710fdf-ea7d-43f5-898c-78e0abe4e149', '2013-07-04 18:35:13', '2013-07-04 18:35:13', null, '1', null, null, null, null, null, '105'), ('763e1d95-b8b6-4fcb-be15-5f9244baad4a', '187', 'createEvent', '44cc27a5-af8b-412f-855a-57c8205d86f5', '45b7c719-2049-4a44-ad9c-09e858afc48b', null, null, null, null, '08d1ce34-e097-4d71-bace-f134cc49af68', '2013-07-04 18:41:01', '2013-07-04 18:41:01', null, '1', '1', null, null, null, null, '106'), ('bc3616f3-025f-4dc3-b50d-fc67f8a581ac', '188', 'eventInitialized', '44cc27a5-af8b-412f-855a-57c8205d86f5', null, null, null, null, null, '08d1ce34-e097-4d71-bace-f134cc49af68', '2013-07-04 18:41:01', '2013-07-04 18:41:01', null, '1', null, null, null, null, null, '106'), ('de7f4af1-63c8-4423-9c88-aa33537da56d', '189', 'createEvent', '44cc27a5-af8b-412f-855a-57c8205d86f5', '45b7c719-2049-4a44-ad9c-09e858afc48b', null, null, null, null, '424a60b3-c49b-4c44-987e-e22937b8b44e', '2013-07-04 18:41:38', '2013-07-04 18:41:38', null, '1', '1', null, null, null, null, '107'), ('88d04fe2-8df1-4e1b-b3f6-d9191f9175d2', '190', 'eventInitialized', '44cc27a5-af8b-412f-855a-57c8205d86f5', null, null, null, null, null, '424a60b3-c49b-4c44-987e-e22937b8b44e', '2013-07-04 18:43:00', '2013-07-04 18:43:00', null, '1', null, null, null, null, null, '107'), ('5f70d152-407b-44c1-a998-004176fedeb0', '191', 'eventInitialized', '44cc27a5-af8b-412f-855a-57c8205d86f5', null, null, null, null, null, '424a60b3-c49b-4c44-987e-e22937b8b44e', '2013-07-04 18:45:30', '2013-07-04 18:45:30', null, '1', null, null, null, null, null, '107'), ('477bb44f-2416-4d97-94f9-294c87ce2b3c', '192', 'createEvent', '44cc27a5-af8b-412f-855a-57c8205d86f5', '45b7c719-2049-4a44-ad9c-09e858afc48b', null, null, null, null, 'd154a695-6c48-43ad-8874-f032cfd92b43', '2013-07-04 21:52:12', '2013-07-04 21:52:12', null, '1', '1', null, null, null, null, '108'), ('0d017060-6729-4dc3-ab88-8014065d7b10', '193', 'eventInitialized', '44cc27a5-af8b-412f-855a-57c8205d86f5', null, null, null, null, null, 'd154a695-6c48-43ad-8874-f032cfd92b43', '2013-07-04 21:54:43', '2013-07-04 21:54:43', null, '1', null, null, null, null, null, '108'), ('9955a315-8e99-47cd-b4fc-8cc7968eda7f', '194', 'eventInitialized', '44cc27a5-af8b-412f-855a-57c8205d86f5', null, null, null, null, null, 'd154a695-6c48-43ad-8874-f032cfd92b43', '2013-07-04 21:55:29', '2013-07-04 21:55:29', null, '1', null, null, null, null, null, '108'), ('83c30de3-7d27-4cb3-9c51-b08115ae845b', '195', 'createDictionary', '44cc27a5-af8b-412f-855a-57c8205d86f5', '45b7c719-2049-4a44-ad9c-09e858afc48b', null, null, '00b15093-b220-464f-8d75-3aa7236206c3', null, null, '2013-07-09 00:33:17', '2013-07-09 00:33:17', null, '1', '1', null, null, '111', null, null), ('1e9815a1-7fa9-4247-a570-7be832fea775', '196', 'createDictionary', '44cc27a5-af8b-412f-855a-57c8205d86f5', '45b7c719-2049-4a44-ad9c-09e858afc48b', null, null, 'c303bcbc-b3ce-454d-98aa-244462b0059c', null, null, '2013-08-01 08:10:57', '2013-08-01 08:10:57', null, '1', '1', null, null, '112', null, null), ('987933d3-ad33-4bfd-b6e1-76b62217edd3', '197', 'createEvent', '44cc27a5-af8b-412f-855a-57c8205d86f5', '04ad5b05-c9a5-430f-8d5c-8483d5d904e4', null, null, null, null, 'e10ff617-3ecb-4274-a695-d9da80dd039e', '2013-08-02 10:16:23', '2013-08-02 10:16:23', null, '1', '2', null, null, null, null, '109'), ('530f511f-0c58-4aa8-bf6c-fd001d7468e8', '198', 'createDictionary', '44cc27a5-af8b-412f-855a-57c8205d86f5', '04ad5b05-c9a5-430f-8d5c-8483d5d904e4', null, null, '522ae6fc-418b-4579-8888-3015c940221b', null, null, '2013-08-02 16:09:22', '2013-08-02 16:09:22', null, '1', '2', null, null, '113', null, null), ('601e09dd-6fc6-4fb4-97e6-baea9418aaa8', '199', 'createEvent', '44cc27a5-af8b-412f-855a-57c8205d86f5', '04ad5b05-c9a5-430f-8d5c-8483d5d904e4', null, null, null, null, 'f88111ab-8026-401e-b0af-27c3b204ad41', '2013-08-05 04:19:58', '2013-08-05 04:19:58', null, '1', '2', null, null, null, null, '110'), ('25b44b37-cd22-4cff-ac97-c1685dc1dc3b', '200', 'createEvent', '44cc27a5-af8b-412f-855a-57c8205d86f5', '45b7c719-2049-4a44-ad9c-09e858afc48b', null, null, null, null, 'b54b57c6-723f-457c-b9b9-7b0a9ef954b8', '2013-08-09 15:46:37', '2013-08-09 15:46:37', null, '1', '1', null, null, null, null, '111'), ('f4a67b1d-32a8-4c1c-bba2-57237a9e955c', '201', 'createDictionary', '44cc27a5-af8b-412f-855a-57c8205d86f5', '45b7c719-2049-4a44-ad9c-09e858afc48b', null, null, '3ff30e02-2d7d-447c-95e6-592adcf21974', null, null, '2013-08-11 08:38:08', '2013-08-11 08:38:08', null, '1', '1', null, null, '114', null, null), ('ef286ecb-d70f-4a04-aa76-313daec31084', '202', 'createEvent', '44cc27a5-af8b-412f-855a-57c8205d86f5', '45b7c719-2049-4a44-ad9c-09e858afc48b', null, null, null, null, '640e763b-ef94-4a4a-921f-52b5c5275f28', '2013-08-23 02:07:36', '2013-08-23 02:07:36', null, '1', '1', null, null, null, null, '112'), ('5006e35b-a995-4b74-8836-f2a5376f2747', '203', 'createEvent', '44cc27a5-af8b-412f-855a-57c8205d86f5', '45b7c719-2049-4a44-ad9c-09e858afc48b', null, null, null, null, 'ad937ae6-a61a-4f34-b3d9-988539268136', '2013-08-31 11:32:22', '2013-08-31 11:32:22', null, '1', '1', null, null, null, null, '113'), ('15d300dc-57de-4244-b57b-580cbd47f8e6', '204', 'createDictionary', '44cc27a5-af8b-412f-855a-57c8205d86f5', '45b7c719-2049-4a44-ad9c-09e858afc48b', null, null, '166b5c26-f730-4b3f-9fba-e5e0c533d97d', null, null, '2013-08-31 11:32:45', '2013-08-31 11:32:45', null, '1', '1', null, null, '115', null, null), ('0d9b50e5-8fff-4eac-9ca3-ebabb6801d31', '205', 'createDictionary', '44cc27a5-af8b-412f-855a-57c8205d86f5', '45b7c719-2049-4a44-ad9c-09e858afc48b', null, null, '47fae1d7-6c30-48f1-b1e2-1768f84d6655', null, null, '2013-09-18 19:09:56', '2013-09-18 19:09:56', null, '1', '1', null, null, '116', null, null), ('ab679ce3-7086-49d3-95ed-7daf7f89416a', '206', 'createEvent', '44cc27a5-af8b-412f-855a-57c8205d86f5', '45b7c719-2049-4a44-ad9c-09e858afc48b', null, null, null, null, 'aa433f53-a5ac-4479-9814-7664c875f353', '2013-09-30 23:50:25', '2013-09-30 23:50:25', null, '1', '1', null, null, null, null, '114');
COMMIT;

-- ----------------------------
--  Table structure for `activitiesReadState`
-- ----------------------------
DROP TABLE IF EXISTS `activitiesReadState`;
CREATE TABLE `activitiesReadState` (
  `id` int(11) unsigned NOT NULL AUTO_INCREMENT,
  `employeeUid` varchar(255) COLLATE utf8_bin NOT NULL,
  `activityUid` varchar(255) COLLATE utf8_bin NOT NULL,
  `clientUid` varchar(255) COLLATE utf8_bin NOT NULL,
  PRIMARY KEY (`id`),
  UNIQUE KEY `employeeUid_2` (`employeeUid`,`activityUid`,`clientUid`),
  KEY `activityUid` (`activityUid`),
  KEY `employeeUid` (`employeeUid`),
  KEY `clientUid` (`clientUid`),
  CONSTRAINT `activitiesreadstate_ibfk_1` FOREIGN KEY (`employeeUid`) REFERENCES `employees` (`uid`) ON DELETE CASCADE ON UPDATE CASCADE,
  CONSTRAINT `activitiesreadstate_ibfk_2` FOREIGN KEY (`clientUid`) REFERENCES `clients` (`uid`) ON DELETE CASCADE ON UPDATE CASCADE,
  CONSTRAINT `activitiesreadstate_ibfk_3` FOREIGN KEY (`activityUid`) REFERENCES `activities` (`uid`) ON DELETE CASCADE ON UPDATE CASCADE
) ENGINE=InnoDB AUTO_INCREMENT=214 DEFAULT CHARSET=utf8 COLLATE=utf8_bin ROW_FORMAT=COMPACT;

-- ----------------------------
--  Records of `activitiesReadState`
-- ----------------------------
BEGIN;
INSERT INTO `activitiesReadState` VALUES ('67', '04ad5b05-c9a5-430f-8d5c-8483d5d904e4', '0d3559e2-b9cd-4871-9adb-531ef7556d0f', '44cc27a5-af8b-412f-855a-57c8205d86f5'), ('48', '04ad5b05-c9a5-430f-8d5c-8483d5d904e4', '23df2c8f-3e12-4bd2-a0b1-c15ffd6d6d46', '44cc27a5-af8b-412f-855a-57c8205d86f5'), ('56', '04ad5b05-c9a5-430f-8d5c-8483d5d904e4', '24a849b7-b6d3-433c-9894-0b6a08407a23', '44cc27a5-af8b-412f-855a-57c8205d86f5'), ('53', '04ad5b05-c9a5-430f-8d5c-8483d5d904e4', '4055d8a6-00a2-46cb-b7f8-7b9363ac461c', '44cc27a5-af8b-412f-855a-57c8205d86f5'), ('72', '04ad5b05-c9a5-430f-8d5c-8483d5d904e4', '48f2eaf8-5d35-48b4-bfcf-9cc77d2cece0', '44cc27a5-af8b-412f-855a-57c8205d86f5'), ('51', '04ad5b05-c9a5-430f-8d5c-8483d5d904e4', '4d350730-a6af-4c6c-8051-25c825a78590', '44cc27a5-af8b-412f-855a-57c8205d86f5'), ('50', '04ad5b05-c9a5-430f-8d5c-8483d5d904e4', '5046db1d-16b1-4a4e-b497-baa3c82259c8', '44cc27a5-af8b-412f-855a-57c8205d86f5'), ('66', '04ad5b05-c9a5-430f-8d5c-8483d5d904e4', '5105dc39-a7a5-452b-a73c-021c895027ec', '44cc27a5-af8b-412f-855a-57c8205d86f5'), ('58', '04ad5b05-c9a5-430f-8d5c-8483d5d904e4', '52edb522-8792-457c-bcef-3c7617b127a7', '44cc27a5-af8b-412f-855a-57c8205d86f5'), ('205', '04ad5b05-c9a5-430f-8d5c-8483d5d904e4', '530f511f-0c58-4aa8-bf6c-fd001d7468e8', '44cc27a5-af8b-412f-855a-57c8205d86f5'), ('206', '04ad5b05-c9a5-430f-8d5c-8483d5d904e4', '601e09dd-6fc6-4fb4-97e6-baea9418aaa8', '44cc27a5-af8b-412f-855a-57c8205d86f5'), ('52', '04ad5b05-c9a5-430f-8d5c-8483d5d904e4', '6d08ed29-c444-4004-8c05-e06dd8e55a6e', '44cc27a5-af8b-412f-855a-57c8205d86f5'), ('49', '04ad5b05-c9a5-430f-8d5c-8483d5d904e4', '7a6ff1c2-01a2-4b43-89ae-219da41bc16d', '44cc27a5-af8b-412f-855a-57c8205d86f5'), ('59', '04ad5b05-c9a5-430f-8d5c-8483d5d904e4', '7d630b1e-d8bd-4564-9e3b-f2000985a54e', '44cc27a5-af8b-412f-855a-57c8205d86f5'), ('70', '04ad5b05-c9a5-430f-8d5c-8483d5d904e4', '845c2631-8795-41d7-813f-020b761df2d2', '44cc27a5-af8b-412f-855a-57c8205d86f5'), ('57', '04ad5b05-c9a5-430f-8d5c-8483d5d904e4', '93b328e8-c565-4ab0-af48-df25d4f2d42a', '44cc27a5-af8b-412f-855a-57c8205d86f5'), ('74', '04ad5b05-c9a5-430f-8d5c-8483d5d904e4', '947c9145-ace9-4df4-beb8-e805dc0e636b', '44cc27a5-af8b-412f-855a-57c8205d86f5'), ('60', '04ad5b05-c9a5-430f-8d5c-8483d5d904e4', '95a0b120-abe5-41b2-9ac0-77156547e95e', '44cc27a5-af8b-412f-855a-57c8205d86f5'), ('204', '04ad5b05-c9a5-430f-8d5c-8483d5d904e4', '987933d3-ad33-4bfd-b6e1-76b62217edd3', '44cc27a5-af8b-412f-855a-57c8205d86f5'), ('71', '04ad5b05-c9a5-430f-8d5c-8483d5d904e4', '9f4f172c-0073-450d-bad1-55391180382f', '44cc27a5-af8b-412f-855a-57c8205d86f5'), ('61', '04ad5b05-c9a5-430f-8d5c-8483d5d904e4', 'a5b303be-6136-4ad7-8862-cb6a163ac4e7', '44cc27a5-af8b-412f-855a-57c8205d86f5'), ('54', '04ad5b05-c9a5-430f-8d5c-8483d5d904e4', 'a7b3ca68-ec0a-47c0-a7ee-317681cf259c', '44cc27a5-af8b-412f-855a-57c8205d86f5'), ('68', '04ad5b05-c9a5-430f-8d5c-8483d5d904e4', 'ad3f4e69-77df-47a7-803c-b2c1c286b38b', '44cc27a5-af8b-412f-855a-57c8205d86f5'), ('55', '04ad5b05-c9a5-430f-8d5c-8483d5d904e4', 'b42e1cd0-2843-4aab-91e8-204585f02e62', '44cc27a5-af8b-412f-855a-57c8205d86f5'), ('69', '04ad5b05-c9a5-430f-8d5c-8483d5d904e4', 'c5e85ecc-bb08-4e97-a61c-3ea11611740f', '44cc27a5-af8b-412f-855a-57c8205d86f5'), ('212', '45b7c719-2049-4a44-ad9c-09e858afc48b', '0d9b50e5-8fff-4eac-9ca3-ebabb6801d31', '44cc27a5-af8b-412f-855a-57c8205d86f5'), ('102', '45b7c719-2049-4a44-ad9c-09e858afc48b', '12170326-9046-46b4-9ec5-388141526c1c', '44cc27a5-af8b-412f-855a-57c8205d86f5'), ('164', '45b7c719-2049-4a44-ad9c-09e858afc48b', '123e43e9-5631-4457-bf6b-c206ea5bc011', '44cc27a5-af8b-412f-855a-57c8205d86f5'), ('211', '45b7c719-2049-4a44-ad9c-09e858afc48b', '15d300dc-57de-4244-b57b-580cbd47f8e6', '44cc27a5-af8b-412f-855a-57c8205d86f5'), ('145', '45b7c719-2049-4a44-ad9c-09e858afc48b', '1b61a4a5-097f-4f68-bf50-3a8dee2f1fb0', '44cc27a5-af8b-412f-855a-57c8205d86f5'), ('203', '45b7c719-2049-4a44-ad9c-09e858afc48b', '1e9815a1-7fa9-4247-a570-7be832fea775', '44cc27a5-af8b-412f-855a-57c8205d86f5'), ('207', '45b7c719-2049-4a44-ad9c-09e858afc48b', '25b44b37-cd22-4cff-ac97-c1685dc1dc3b', '44cc27a5-af8b-412f-855a-57c8205d86f5'), ('140', '45b7c719-2049-4a44-ad9c-09e858afc48b', '2ad25171-3d4d-4451-83f0-dd8d373deb1a', '44cc27a5-af8b-412f-855a-57c8205d86f5'), ('143', '45b7c719-2049-4a44-ad9c-09e858afc48b', '2eb7a80f-98f6-49d0-9efc-fe3956973bac', '44cc27a5-af8b-412f-855a-57c8205d86f5'), ('98', '45b7c719-2049-4a44-ad9c-09e858afc48b', '33403968-0080-4954-926e-b343e872562a', '44cc27a5-af8b-412f-855a-57c8205d86f5'), ('148', '45b7c719-2049-4a44-ad9c-09e858afc48b', '3639b3ba-335c-46c7-96e8-b708883edba8', '44cc27a5-af8b-412f-855a-57c8205d86f5'), ('94', '45b7c719-2049-4a44-ad9c-09e858afc48b', '38bb9341-d9d2-4829-a60e-16c940fff85b', '44cc27a5-af8b-412f-855a-57c8205d86f5'), ('151', '45b7c719-2049-4a44-ad9c-09e858afc48b', '3c2dc0c8-f89d-444e-ba56-135f4fe4827d', '44cc27a5-af8b-412f-855a-57c8205d86f5'), ('154', '45b7c719-2049-4a44-ad9c-09e858afc48b', '3ed2bb77-41b1-4ad2-994e-f562ef02870d', '44cc27a5-af8b-412f-855a-57c8205d86f5'), ('93', '45b7c719-2049-4a44-ad9c-09e858afc48b', '413dfef1-cdb0-4721-81ac-0b6ed988f7b7', '44cc27a5-af8b-412f-855a-57c8205d86f5'), ('177', '45b7c719-2049-4a44-ad9c-09e858afc48b', '4213ed1e-4193-4249-b8e4-821a593d808f', '44cc27a5-af8b-412f-855a-57c8205d86f5'), ('201', '45b7c719-2049-4a44-ad9c-09e858afc48b', '477bb44f-2416-4d97-94f9-294c87ce2b3c', '44cc27a5-af8b-412f-855a-57c8205d86f5'), ('144', '45b7c719-2049-4a44-ad9c-09e858afc48b', '4973da0a-4b18-4530-ab6c-df2f5e167b85', '44cc27a5-af8b-412f-855a-57c8205d86f5'), ('210', '45b7c719-2049-4a44-ad9c-09e858afc48b', '5006e35b-a995-4b74-8836-f2a5376f2747', '44cc27a5-af8b-412f-855a-57c8205d86f5'), ('192', '45b7c719-2049-4a44-ad9c-09e858afc48b', '501b4269-828a-4294-8b78-4a1882ee94c3', '44cc27a5-af8b-412f-855a-57c8205d86f5'), ('136', '45b7c719-2049-4a44-ad9c-09e858afc48b', '531318ad-6106-4925-a2ee-67f917b1de4a', '44cc27a5-af8b-412f-855a-57c8205d86f5'), ('47', '45b7c719-2049-4a44-ad9c-09e858afc48b', '5549b69d-9736-450b-aa22-423d6ea658fd', '44cc27a5-af8b-412f-855a-57c8205d86f5'), ('162', '45b7c719-2049-4a44-ad9c-09e858afc48b', '58b29de5-e0ea-4c81-a937-152635f06803', '44cc27a5-af8b-412f-855a-57c8205d86f5'), ('146', '45b7c719-2049-4a44-ad9c-09e858afc48b', '5ef296c5-0df2-4e97-a13d-6957c17cba6a', '44cc27a5-af8b-412f-855a-57c8205d86f5'), ('181', '45b7c719-2049-4a44-ad9c-09e858afc48b', '653327a8-11ea-4cf9-89e8-fe44eae6da5c', '44cc27a5-af8b-412f-855a-57c8205d86f5'), ('170', '45b7c719-2049-4a44-ad9c-09e858afc48b', '6560d33a-9a4b-4b7d-a7d1-79c6262d2014', '44cc27a5-af8b-412f-855a-57c8205d86f5'), ('158', '45b7c719-2049-4a44-ad9c-09e858afc48b', '6aec160d-552e-4596-a818-4c1f1cfe0d72', '44cc27a5-af8b-412f-855a-57c8205d86f5'), ('97', '45b7c719-2049-4a44-ad9c-09e858afc48b', '6ef9a1ae-521f-48df-be93-a92c74e391de', '44cc27a5-af8b-412f-855a-57c8205d86f5'), ('96', '45b7c719-2049-4a44-ad9c-09e858afc48b', '6fb34650-c837-4eb6-8954-fe6415f8a49d', '44cc27a5-af8b-412f-855a-57c8205d86f5'), ('141', '45b7c719-2049-4a44-ad9c-09e858afc48b', '72d4a7bc-dd79-4568-8a62-5d43a2ee4c9b', '44cc27a5-af8b-412f-855a-57c8205d86f5'), ('196', '45b7c719-2049-4a44-ad9c-09e858afc48b', '763e1d95-b8b6-4fcb-be15-5f9244baad4a', '44cc27a5-af8b-412f-855a-57c8205d86f5'), ('194', '45b7c719-2049-4a44-ad9c-09e858afc48b', '77b01199-1f24-4693-a16f-91101a7fb296', '44cc27a5-af8b-412f-855a-57c8205d86f5'), ('183', '45b7c719-2049-4a44-ad9c-09e858afc48b', '78fad338-bb27-481c-ae52-2e251840f5de', '44cc27a5-af8b-412f-855a-57c8205d86f5'), ('152', '45b7c719-2049-4a44-ad9c-09e858afc48b', '7ada96c7-548b-44d6-ae0c-96a7c323c1ca', '44cc27a5-af8b-412f-855a-57c8205d86f5'), ('166', '45b7c719-2049-4a44-ad9c-09e858afc48b', '7b0efec9-b7aa-48bb-95bc-9186eee37597', '44cc27a5-af8b-412f-855a-57c8205d86f5'), ('44', '45b7c719-2049-4a44-ad9c-09e858afc48b', '7c38ebf2-c94a-4fe3-9d5a-f3034397ad34', '44cc27a5-af8b-412f-855a-57c8205d86f5'), ('168', '45b7c719-2049-4a44-ad9c-09e858afc48b', '7c8b4651-b7e8-4702-b443-6cf6d0e134fe', '44cc27a5-af8b-412f-855a-57c8205d86f5'), ('45', '45b7c719-2049-4a44-ad9c-09e858afc48b', '8030a275-5f6b-43e7-a265-95650c8db3c3', '44cc27a5-af8b-412f-855a-57c8205d86f5'), ('202', '45b7c719-2049-4a44-ad9c-09e858afc48b', '83c30de3-7d27-4cb3-9c51-b08115ae845b', '44cc27a5-af8b-412f-855a-57c8205d86f5'), ('90', '45b7c719-2049-4a44-ad9c-09e858afc48b', '8a8f7bfa-3a70-47d4-9376-5ebeec0c3d0d', '44cc27a5-af8b-412f-855a-57c8205d86f5'), ('100', '45b7c719-2049-4a44-ad9c-09e858afc48b', '9443f263-23bf-4d21-9169-cab3231914c4', '44cc27a5-af8b-412f-855a-57c8205d86f5'), ('41', '45b7c719-2049-4a44-ad9c-09e858afc48b', '98ad40db-678c-46b5-870e-35de021e4be4', '44cc27a5-af8b-412f-855a-57c8205d86f5'), ('39', '45b7c719-2049-4a44-ad9c-09e858afc48b', '9944d870-32f4-4522-bc56-692f4f8766bc', '44cc27a5-af8b-412f-855a-57c8205d86f5'), ('42', '45b7c719-2049-4a44-ad9c-09e858afc48b', '9bb72eb8-f942-4c9f-860e-78747cf2c7f6', '44cc27a5-af8b-412f-855a-57c8205d86f5'), ('160', '45b7c719-2049-4a44-ad9c-09e858afc48b', '9e61c31e-c8f1-44a3-bfa6-e403236610ad', '44cc27a5-af8b-412f-855a-57c8205d86f5'), ('46', '45b7c719-2049-4a44-ad9c-09e858afc48b', '9ead8243-6920-4d73-a9ee-bc38bb741908', '44cc27a5-af8b-412f-855a-57c8205d86f5'), ('43', '45b7c719-2049-4a44-ad9c-09e858afc48b', 'a3db2acb-845d-4473-9223-c76c146a8153', '44cc27a5-af8b-412f-855a-57c8205d86f5'), ('92', '45b7c719-2049-4a44-ad9c-09e858afc48b', 'a5937e9b-9c00-4d2e-8be1-e420a94b5afc', '44cc27a5-af8b-412f-855a-57c8205d86f5'), ('213', '45b7c719-2049-4a44-ad9c-09e858afc48b', 'ab679ce3-7086-49d3-95ed-7daf7f89416a', '44cc27a5-af8b-412f-855a-57c8205d86f5'), ('95', '45b7c719-2049-4a44-ad9c-09e858afc48b', 'aca920ec-00b9-4569-aa7b-5a5a8f8bc612', '44cc27a5-af8b-412f-855a-57c8205d86f5'), ('188', '45b7c719-2049-4a44-ad9c-09e858afc48b', 'ae81eb27-eaf4-4a55-b0a2-748ee7d939a1', '44cc27a5-af8b-412f-855a-57c8205d86f5'), ('89', '45b7c719-2049-4a44-ad9c-09e858afc48b', 'b459702b-b16f-4556-9701-e5298e027bdd', '44cc27a5-af8b-412f-855a-57c8205d86f5'), ('150', '45b7c719-2049-4a44-ad9c-09e858afc48b', 'c2d35143-28b9-4aaf-93cf-5cdb55da6460', '44cc27a5-af8b-412f-855a-57c8205d86f5'), ('137', '45b7c719-2049-4a44-ad9c-09e858afc48b', 'cefbda85-ca89-4022-ad63-71a3239936fc', '44cc27a5-af8b-412f-855a-57c8205d86f5'), ('142', '45b7c719-2049-4a44-ad9c-09e858afc48b', 'd6165208-1f30-452b-971b-543dd674363a', '44cc27a5-af8b-412f-855a-57c8205d86f5'), ('101', '45b7c719-2049-4a44-ad9c-09e858afc48b', 'd6b73f61-8e72-4f65-b8f5-86f11951303d', '44cc27a5-af8b-412f-855a-57c8205d86f5'), ('40', '45b7c719-2049-4a44-ad9c-09e858afc48b', 'd9e25e2f-d62b-466f-906a-483860c4e88a', '44cc27a5-af8b-412f-855a-57c8205d86f5'), ('198', '45b7c719-2049-4a44-ad9c-09e858afc48b', 'de7f4af1-63c8-4423-9c88-aa33537da56d', '44cc27a5-af8b-412f-855a-57c8205d86f5'), ('149', '45b7c719-2049-4a44-ad9c-09e858afc48b', 'dea4c4cd-989f-45e3-b9d3-4d3a91b798f5', '44cc27a5-af8b-412f-855a-57c8205d86f5'), ('186', '45b7c719-2049-4a44-ad9c-09e858afc48b', 'e088a880-5fe6-40f2-aaa3-5852a4cb1407', '44cc27a5-af8b-412f-855a-57c8205d86f5'), ('99', '45b7c719-2049-4a44-ad9c-09e858afc48b', 'e1401937-a579-4426-a30f-bb893b636db8', '44cc27a5-af8b-412f-855a-57c8205d86f5'), ('147', '45b7c719-2049-4a44-ad9c-09e858afc48b', 'e5dcdbb6-79af-4b9d-b847-f821f2ee3b50', '44cc27a5-af8b-412f-855a-57c8205d86f5'), ('179', '45b7c719-2049-4a44-ad9c-09e858afc48b', 'ebbb4a8c-f63c-4ab7-8ee6-b410000db7b8', '44cc27a5-af8b-412f-855a-57c8205d86f5'), ('209', '45b7c719-2049-4a44-ad9c-09e858afc48b', 'ef286ecb-d70f-4a04-aa76-313daec31084', '44cc27a5-af8b-412f-855a-57c8205d86f5'), ('91', '45b7c719-2049-4a44-ad9c-09e858afc48b', 'f4a59f60-dbc2-4c25-a720-fd284ce06915', '44cc27a5-af8b-412f-855a-57c8205d86f5'), ('208', '45b7c719-2049-4a44-ad9c-09e858afc48b', 'f4a67b1d-32a8-4c1c-bba2-57237a9e955c', '44cc27a5-af8b-412f-855a-57c8205d86f5'), ('38', '45b7c719-2049-4a44-ad9c-09e858afc48b', 'f5a45079-381a-42ad-a9ad-b72a3c73024c', '44cc27a5-af8b-412f-855a-57c8205d86f5'), ('185', 'b984b960-4022-437c-bce5-98b74138f934', 'b5ff8671-2f10-4a82-9b37-27a982c18fd3', '44cc27a5-af8b-412f-855a-57c8205d86f5');
COMMIT;

-- ----------------------------
--  Table structure for `activityReadStates`
-- ----------------------------
DROP TABLE IF EXISTS `activityReadStates`;
CREATE TABLE `activityReadStates` (
  `uid` varchar(255) COLLATE utf8_bin DEFAULT NULL,
  `id` int(11) NOT NULL AUTO_INCREMENT,
  `name` varchar(255) COLLATE utf8_bin DEFAULT NULL,
  `clientUid` varchar(255) COLLATE utf8_bin DEFAULT NULL,
  `createdAt` datetime NOT NULL,
  `updatedAt` datetime NOT NULL,
  `deletedAt` datetime DEFAULT NULL,
  PRIMARY KEY (`id`)
) ENGINE=InnoDB DEFAULT CHARSET=utf8 COLLATE=utf8_bin ROW_FORMAT=COMPACT;

-- ----------------------------
--  Table structure for `businessDivision0s`
-- ----------------------------
DROP TABLE IF EXISTS `businessDivision0s`;
CREATE TABLE `businessDivision0s` (
  `uid` varchar(255) COLLATE utf8_bin DEFAULT NULL,
  `id` int(11) NOT NULL AUTO_INCREMENT,
  `name` varchar(255) COLLATE utf8_bin DEFAULT NULL,
  `clientUid` varchar(255) COLLATE utf8_bin DEFAULT NULL,
  `createdAt` datetime NOT NULL,
  `updatedAt` datetime NOT NULL,
  `deletedAt` datetime DEFAULT NULL,
  `clientId` int(11) DEFAULT NULL,
  PRIMARY KEY (`id`),
  KEY `uid` (`uid`)
) ENGINE=InnoDB DEFAULT CHARSET=utf8 COLLATE=utf8_bin ROW_FORMAT=COMPACT;

-- ----------------------------
--  Table structure for `businessDivision1s`
-- ----------------------------
DROP TABLE IF EXISTS `businessDivision1s`;
CREATE TABLE `businessDivision1s` (
  `uid` varchar(255) CHARACTER SET utf8 COLLATE utf8_bin DEFAULT NULL,
  `id` int(11) NOT NULL AUTO_INCREMENT,
  `name` varchar(255) CHARACTER SET utf8 COLLATE utf8_bin DEFAULT NULL,
  `clientUid` varchar(255) CHARACTER SET utf8 COLLATE utf8_bin DEFAULT NULL,
  `businessDivision0Uid` varchar(255) CHARACTER SET utf8 COLLATE utf8_bin NOT NULL,
  `createdAt` datetime NOT NULL,
  `updatedAt` datetime NOT NULL,
  `deletedAt` datetime DEFAULT NULL,
  `clientId` int(11) DEFAULT NULL,
  `businessDivision0Id` int(11) NOT NULL,
  PRIMARY KEY (`id`),
  KEY `clientUid` (`clientUid`),
  KEY `clientId` (`clientId`),
  KEY `businessDivision0Uid` (`businessDivision0Uid`),
  KEY `businessDivision0Uid_2` (`businessDivision0Uid`),
  KEY `businessDivision0Id` (`businessDivision0Id`),
  KEY `uid` (`uid`),
  CONSTRAINT `businessdivision1s_ibfk_1` FOREIGN KEY (`clientUid`) REFERENCES `clients` (`uid`) ON DELETE CASCADE ON UPDATE CASCADE,
  CONSTRAINT `businessdivision1s_ibfk_2` FOREIGN KEY (`clientId`) REFERENCES `clients` (`id`) ON DELETE CASCADE ON UPDATE CASCADE,
  CONSTRAINT `businessdivision1s_ibfk_3` FOREIGN KEY (`businessDivision0Uid`) REFERENCES `businessDivision0s` (`uid`) ON DELETE CASCADE ON UPDATE CASCADE,
  CONSTRAINT `businessdivision1s_ibfk_4` FOREIGN KEY (`businessDivision0Id`) REFERENCES `businessDivision0s` (`id`) ON DELETE CASCADE ON UPDATE CASCADE
) ENGINE=InnoDB DEFAULT CHARSET=utf8 ROW_FORMAT=COMPACT;

-- ----------------------------
--  Table structure for `businessDivision2s`
-- ----------------------------
DROP TABLE IF EXISTS `businessDivision2s`;
CREATE TABLE `businessDivision2s` (
  `uid` varchar(255) CHARACTER SET utf8 COLLATE utf8_bin DEFAULT NULL,
  `id` int(11) NOT NULL AUTO_INCREMENT,
  `name` varchar(255) CHARACTER SET utf8 COLLATE utf8_bin DEFAULT NULL,
  `clientUid` varchar(255) CHARACTER SET utf8 COLLATE utf8_bin DEFAULT NULL,
  `businessDivision1Uid` varchar(255) CHARACTER SET utf8 COLLATE utf8_bin NOT NULL,
  `createdAt` datetime NOT NULL,
  `updatedAt` datetime NOT NULL,
  `deletedAt` datetime DEFAULT NULL,
  `clientId` int(11) DEFAULT NULL,
  `businessDivision1Id` int(11) NOT NULL,
  PRIMARY KEY (`id`),
  KEY `clientUid` (`clientUid`),
  KEY `clientId` (`clientId`),
  KEY `businessDivision1Uid` (`businessDivision1Uid`),
  KEY `businessDivision1Id` (`businessDivision1Id`),
  CONSTRAINT `businessdivision2s_ibfk_1` FOREIGN KEY (`clientUid`) REFERENCES `clients` (`uid`) ON DELETE CASCADE ON UPDATE CASCADE,
  CONSTRAINT `businessdivision2s_ibfk_2` FOREIGN KEY (`clientId`) REFERENCES `clients` (`id`) ON DELETE CASCADE ON UPDATE CASCADE,
  CONSTRAINT `businessdivision2s_ibfk_3` FOREIGN KEY (`businessDivision1Uid`) REFERENCES `businessDivision1s` (`uid`) ON DELETE CASCADE ON UPDATE CASCADE,
  CONSTRAINT `businessdivision2s_ibfk_4` FOREIGN KEY (`businessDivision1Id`) REFERENCES `businessDivision1s` (`id`) ON DELETE CASCADE ON UPDATE CASCADE
) ENGINE=InnoDB DEFAULT CHARSET=utf8 ROW_FORMAT=COMPACT;

-- ----------------------------
--  Table structure for `clients`
-- ----------------------------
DROP TABLE IF EXISTS `clients`;
CREATE TABLE `clients` (
  `uid` varchar(255) COLLATE utf8_bin NOT NULL DEFAULT '',
  `id` int(11) NOT NULL AUTO_INCREMENT,
  `name` varchar(255) COLLATE utf8_bin DEFAULT NULL,
  `identifier` varchar(255) COLLATE utf8_bin DEFAULT NULL,
  `address1` varchar(255) COLLATE utf8_bin DEFAULT NULL,
  `address2` varchar(255) COLLATE utf8_bin DEFAULT NULL,
  `address3` varchar(255) COLLATE utf8_bin DEFAULT NULL,
  `city` varchar(255) COLLATE utf8_bin DEFAULT NULL,
  `stateProvince` varchar(255) COLLATE utf8_bin DEFAULT NULL,
  `country` varchar(255) COLLATE utf8_bin DEFAULT NULL,
  `telephone` varchar(255) COLLATE utf8_bin DEFAULT NULL,
  `fax` varchar(255) COLLATE utf8_bin DEFAULT NULL,
  `businessDivision0Name` varchar(255) COLLATE utf8_bin NOT NULL,
  `businessDivision1Name` varchar(255) COLLATE utf8_bin NOT NULL,
  `businessDivision2Name` varchar(255) COLLATE utf8_bin NOT NULL,
  `createdAt` datetime NOT NULL,
  `updatedAt` datetime NOT NULL,
  `deletedAt` datetime DEFAULT NULL,
  PRIMARY KEY (`id`),
  UNIQUE KEY `uid` (`uid`),
  UNIQUE KEY `indentifier` (`identifier`)
) ENGINE=InnoDB AUTO_INCREMENT=4 DEFAULT CHARSET=utf8 COLLATE=utf8_bin ROW_FORMAT=COMPACT;

-- ----------------------------
--  Records of `clients`
-- ----------------------------
BEGIN;
INSERT INTO `clients` VALUES ('44cc27a5-af8b-412f-855a-57c8205d86f5', '1', 'ClientA', 'lyssa', 'asd', 'asdf', 'asdfas', 'asdfasdf', 'sdf', 'asdf', 'asdfas', 'sfd', 'BD0-CF', 'BD1-CF', 'BD2-CF', '2013-04-10 22:14:54', '2013-04-10 22:14:58', null), ('05817084-bc15-4dee-90a1-2e0735a242e1', '2', 'ClientB', 'acme', 'kdfkd', 'dsk', 'aksdfg', 'asdf', 'asdf', 'sdaf', 'sadf', 'sdf', '', '', '', '2013-04-10 22:15:23', '2013-04-10 22:15:25', null), ('c4602593-f460-41f8-bb42-a0f0afe021d6', '3', 'ClientC', 'theta', 'kasdfui', 'asdf', 'asdfg', 'afsdg', 'adsfg', 'asdfga', 'asdgf', 'asdfg', '', '', '', '2013-04-10 22:35:18', '2013-04-10 22:35:21', null);
COMMIT;

-- ----------------------------
--  Table structure for `dictionaries`
-- ----------------------------
DROP TABLE IF EXISTS `dictionaries`;
CREATE TABLE `dictionaries` (
  `uid` varchar(255) COLLATE utf8_bin NOT NULL,
  `id` int(11) NOT NULL AUTO_INCREMENT,
  `name` varchar(255) COLLATE utf8_bin NOT NULL DEFAULT '',
  `clientUid` varchar(255) COLLATE utf8_bin NOT NULL DEFAULT '',
  `createdAt` datetime NOT NULL,
  `updatedAt` datetime NOT NULL,
  `deletedAt` datetime DEFAULT NULL,
  `clientId` int(11) NOT NULL DEFAULT '0',
  PRIMARY KEY (`id`),
  UNIQUE KEY `uid_UNIQUE` (`uid`),
  KEY `fk_dictionaries_clients1` (`clientId`),
  KEY `fk_dictionaries_clients2` (`clientUid`),
  CONSTRAINT `fk_dictionaries_clients1` FOREIGN KEY (`clientId`) REFERENCES `clients` (`id`) ON DELETE CASCADE ON UPDATE CASCADE,
  CONSTRAINT `fk_dictionaries_clients2` FOREIGN KEY (`clientUid`) REFERENCES `clients` (`uid`) ON DELETE CASCADE ON UPDATE CASCADE
) ENGINE=InnoDB AUTO_INCREMENT=117 DEFAULT CHARSET=utf8 COLLATE=utf8_bin ROW_FORMAT=COMPACT;

-- ----------------------------
--  Records of `dictionaries`
-- ----------------------------
BEGIN;
INSERT INTO `dictionaries` VALUES ('42901aba-c28a-43a9-8080-6f9d383a3644', '1', 'Buildings', '44cc27a5-af8b-412f-855a-57c8205d86f5', '2013-04-13 19:44:22', '2013-04-13 19:44:24', null, '1'), ('3b5c6c5b-ca10-4c96-a9e3-82cfa15e258c', '2', 'Apples', '44cc27a5-af8b-412f-855a-57c8205d86f5', '2013-04-13 19:44:54', '2013-06-04 23:37:20', '2013-06-04 23:37:20', '1'), ('7335505b-6a74-43c0-ae03-675c632806c1', '3', 'Actors', '05817084-bc15-4dee-90a1-2e0735a242e1', '2013-04-13 19:45:23', '2013-04-13 19:45:25', null, '2'), ('b95e0927-1c0c-4b88-8869-31b7b3dfd634', '4', 'Building123', '44cc27a5-af8b-412f-855a-57c8205d86f5', '2013-05-06 18:49:23', '2013-05-08 03:03:29', '2013-05-08 03:03:29', '1'), ('33145d2c-bcab-41f9-ab01-ff8d49ce0887', '5', 'foobar', '44cc27a5-af8b-412f-855a-57c8205d86f5', '2013-05-22 04:55:08', '2013-06-04 23:16:29', '2013-06-04 23:16:29', '1'), ('eadc4450-9e54-44bc-9152-6e8512d58156', '6', 'foobar', '44cc27a5-af8b-412f-855a-57c8205d86f5', '2013-05-22 05:09:57', '2013-06-04 23:16:39', '2013-06-04 23:16:39', '1'), ('ddcfc440-e11f-4779-867a-747a618adc7c', '7', 'foobar', '44cc27a5-af8b-412f-855a-57c8205d86f5', '2013-05-22 05:10:16', '2013-06-04 23:18:30', '2013-06-04 23:18:30', '1'), ('d633ff92-cc8b-4386-886c-fc1fe058718b', '8', 'foobar', '44cc27a5-af8b-412f-855a-57c8205d86f5', '2013-05-22 05:10:17', '2013-06-04 23:16:44', '2013-06-04 23:16:44', '1'), ('79742d2c-2428-4ea1-a751-7b5cccfb6d47', '9', 'foobar', '44cc27a5-af8b-412f-855a-57c8205d86f5', '2013-05-22 05:11:08', '2013-06-04 23:16:55', '2013-06-04 23:16:55', '1'), ('92272463-5d78-45ac-b38c-fa6a759f0448', '10', 'foobar', '44cc27a5-af8b-412f-855a-57c8205d86f5', '2013-05-22 05:11:09', '2013-06-04 23:16:58', '2013-06-04 23:16:58', '1'), ('85fa32df-92bb-4e68-a147-012c786439e7', '11', 'foobar', '44cc27a5-af8b-412f-855a-57c8205d86f5', '2013-05-22 05:11:09', '2013-06-04 23:17:01', '2013-06-04 23:17:01', '1'), ('3ef7412b-3539-4ace-a2d8-40a9550bb966', '12', 'foobar', '44cc27a5-af8b-412f-855a-57c8205d86f5', '2013-05-22 05:11:10', '2013-06-04 23:17:06', '2013-06-04 23:17:06', '1'), ('dc6b9b02-602a-4e6d-8210-7c147afd7495', '13', 'foobar', '44cc27a5-af8b-412f-855a-57c8205d86f5', '2013-05-22 05:11:10', '2013-06-04 23:17:04', '2013-06-04 23:17:04', '1'), ('c7c3be33-8cb8-4ef7-a236-ebf925d46661', '14', 'foobar', '44cc27a5-af8b-412f-855a-57c8205d86f5', '2013-05-22 05:11:10', '2013-06-04 23:17:09', '2013-06-04 23:17:09', '1'), ('93cca2f0-5cd1-41e6-81c9-3e85121f5ddf', '15', 'foobar', '44cc27a5-af8b-412f-855a-57c8205d86f5', '2013-05-22 05:11:11', '2013-06-04 23:17:14', '2013-06-04 23:17:14', '1'), ('be581b90-058b-4716-b063-775b4379aa41', '16', 'foobar', '44cc27a5-af8b-412f-855a-57c8205d86f5', '2013-05-22 05:11:52', '2013-06-04 23:17:12', '2013-06-04 23:17:12', '1'), ('13976635-7361-49d2-a4b0-e7f915432b5c', '17', 'foobar', '44cc27a5-af8b-412f-855a-57c8205d86f5', '2013-05-22 05:11:52', '2013-06-04 23:17:17', '2013-06-04 23:17:17', '1'), ('c945f9e4-60d9-4126-a288-3683a2d9dc19', '18', 'foobar', '44cc27a5-af8b-412f-855a-57c8205d86f5', '2013-05-22 05:11:52', '2013-06-04 23:17:20', '2013-06-04 23:17:20', '1'), ('1c92e5f8-9c45-4846-ade3-f5d65b79132e', '19', '234234', '44cc27a5-af8b-412f-855a-57c8205d86f5', '2013-05-28 20:58:03', '2013-08-11 08:41:20', '2013-08-11 08:41:20', '1'), ('b82924fa-69f1-48c7-8d4d-25194c112430', '20', 'megatris', '44cc27a5-af8b-412f-855a-57c8205d86f5', '2013-05-30 12:30:05', '2013-06-04 23:17:52', '2013-06-04 23:17:52', '1'), ('7ee54b9a-f018-4ba1-8a86-b9fd9483ad91', '21', 'asfdfasdafsdasdf', '44cc27a5-af8b-412f-855a-57c8205d86f5', '2013-05-30 12:30:54', '2013-06-04 23:15:37', '2013-06-04 23:15:37', '1'), ('7fcb365a-1cec-4967-ae94-0e03eec20f28', '22', 'asdfasdfasdf', '44cc27a5-af8b-412f-855a-57c8205d86f5', '2013-05-30 12:35:26', '2013-06-04 23:15:01', '2013-06-04 23:15:01', '1'), ('5950b435-a5a3-42f8-827a-aa3cb64ee10c', '23', 'asdgsdfgsdfg', '44cc27a5-af8b-412f-855a-57c8205d86f5', '2013-05-30 12:36:15', '2013-06-04 23:15:34', '2013-06-04 23:15:34', '1'), ('f25a6c25-192b-4ae6-a768-8b81872114a9', '24', 'cxzxcz', '44cc27a5-af8b-412f-855a-57c8205d86f5', '2013-05-30 12:42:36', '2013-06-04 23:15:42', '2013-06-04 23:15:42', '1'), ('02ca2dc4-161e-49e9-b7f5-0d93fc04e2f2', '25', 'asdfasdfasdf', '44cc27a5-af8b-412f-855a-57c8205d86f5', '2013-05-30 12:52:54', '2013-06-04 23:15:03', '2013-06-04 23:15:03', '1'), ('15c19f8e-d074-4796-a27f-876e53902eb3', '26', 'asdfasdfasdf', '44cc27a5-af8b-412f-855a-57c8205d86f5', '2013-05-30 12:53:26', '2013-06-04 23:15:07', '2013-06-04 23:15:07', '1'), ('d72d0cef-4551-4ef1-870a-c904c0735bce', '27', 'asdfasfdasdf', '44cc27a5-af8b-412f-855a-57c8205d86f5', '2013-05-30 13:02:10', '2013-06-04 23:15:31', '2013-06-04 23:15:31', '1'), ('0d0564bd-8ec9-4233-924b-187a6b389b10', '28', 'xcvxrty', '44cc27a5-af8b-412f-855a-57c8205d86f5', '2013-05-30 13:05:40', '2013-06-04 23:18:21', '2013-06-04 23:18:21', '1'), ('45da5458-e9c3-45f0-bbf4-ec6c4f60c5a8', '29', 'disdf', '44cc27a5-af8b-412f-855a-57c8205d86f5', '2013-05-30 13:29:38', '2013-06-04 23:16:21', '2013-06-04 23:16:21', '1'), ('69f28269-a073-4f30-bff1-b353be699fe5', '30', '54sfdgt', '44cc27a5-af8b-412f-855a-57c8205d86f5', '2013-05-30 13:30:38', '2013-06-04 23:14:29', '2013-06-04 23:14:29', '1'), ('46f9860c-162d-475a-ba2a-503a8670d98c', '31', 'dfsdfasdf', '44cc27a5-af8b-412f-855a-57c8205d86f5', '2013-05-30 13:48:21', '2013-06-04 23:16:18', '2013-06-04 23:16:18', '1'), ('aa3ce826-14f4-4fe9-904a-9b59138cf4ee', '32', 'asdfasdgfasdf', '44cc27a5-af8b-412f-855a-57c8205d86f5', '2013-05-30 13:49:03', '2013-06-04 23:15:29', '2013-06-04 23:15:29', '1'), ('34737755-b714-4098-b679-bbbbaba54b2b', '33', 'dsfasdfasdf', '44cc27a5-af8b-412f-855a-57c8205d86f5', '2013-05-30 13:49:25', '2013-06-04 23:16:10', '2013-06-04 23:16:10', '1'), ('030349ee-b3a0-463f-9412-54c31f02b0d0', '34', '765756756', '44cc27a5-af8b-412f-855a-57c8205d86f5', '2013-05-30 13:50:14', '2013-06-04 23:14:32', '2013-06-04 23:14:32', '1'), ('5b51c100-5c21-4967-a6d1-792e91577025', '35', 'afsdasdfa', '44cc27a5-af8b-412f-855a-57c8205d86f5', '2013-05-30 13:52:58', '2013-06-04 23:14:49', '2013-06-04 23:14:49', '1'), ('4a53bd94-2e70-46cf-a651-31dc30fa91a7', '36', 'dgsfsdfgsdfg', '44cc27a5-af8b-412f-855a-57c8205d86f5', '2013-05-30 13:53:08', '2013-06-04 23:16:06', '2013-06-04 23:16:06', '1'), ('f89873cd-97c0-4643-a90f-8f6bfd6777c2', '37', 'sdfhshsdfhsdfh', '44cc27a5-af8b-412f-855a-57c8205d86f5', '2013-05-30 13:53:13', '2013-06-04 23:18:04', '2013-06-04 23:18:04', '1'), ('83435551-1570-4f71-8e85-84755dc9804e', '38', 'dfsaasdgfasg', '44cc27a5-af8b-412f-855a-57c8205d86f5', '2013-05-30 13:58:36', '2013-06-04 23:15:54', '2013-06-04 23:15:54', '1'), ('f718b346-a410-4573-b130-5a1b20ffb0b1', '39', 'asdfasdgasd', '44cc27a5-af8b-412f-855a-57c8205d86f5', '2013-05-30 13:58:58', '2013-06-04 23:15:22', '2013-06-04 23:15:22', '1'), ('0726abf4-0a57-49d7-a69a-7143b3ac0d51', '40', 'asdfasdgasdg', '44cc27a5-af8b-412f-855a-57c8205d86f5', '2013-05-30 13:59:28', '2013-06-04 23:15:48', '2013-06-04 23:15:48', '1'), ('6c072904-3132-4864-bbf6-8ab3a72a682c', '41', 'asdfasdfasdf', '44cc27a5-af8b-412f-855a-57c8205d86f5', '2013-05-30 14:00:10', '2013-06-04 23:15:09', '2013-06-04 23:15:09', '1'), ('b69697e3-d585-4296-802c-bf68402e2195', '42', 'hfghdfghdfgh', '44cc27a5-af8b-412f-855a-57c8205d86f5', '2013-05-30 14:00:14', '2013-06-04 23:17:40', '2013-06-04 23:17:40', '1'), ('c74ed3b5-b622-4ba6-aa6d-58e8221efc1a', '43', 'ffhfhfhfdh', '44cc27a5-af8b-412f-855a-57c8205d86f5', '2013-05-30 14:04:07', '2013-06-04 23:18:36', '2013-06-04 23:18:36', '1'), ('2e46d359-bdb7-4d77-ac21-d4deb811dd74', '44', 'wildwilly', '44cc27a5-af8b-412f-855a-57c8205d86f5', '2013-05-30 14:04:21', '2013-06-04 23:18:24', '2013-06-04 23:18:24', '1'), ('8599dea0-96b2-46df-9ce1-d5e38f5b2a4e', '45', 'dfgsdfgsdfg', '44cc27a5-af8b-412f-855a-57c8205d86f5', '2013-05-30 14:08:19', '2013-06-04 23:15:51', '2013-06-04 23:15:51', '1'), ('33a3bf52-726d-482a-adf2-fd8a52e632ba', '46', 'sdfgsdfgsdfg', '44cc27a5-af8b-412f-855a-57c8205d86f5', '2013-05-30 14:08:50', '2013-06-04 23:18:06', '2013-06-04 23:18:06', '1'), ('c65ce902-54df-4d49-8a87-6e0601d13d62', '47', 'adsfgsdfgsdfg', '44cc27a5-af8b-412f-855a-57c8205d86f5', '2013-05-30 14:12:43', '2013-06-04 23:14:44', '2013-06-04 23:14:44', '1'), ('aac40f23-2f20-4508-bcf4-d453677b3114', '48', 'zxzxvzxvc', '44cc27a5-af8b-412f-855a-57c8205d86f5', '2013-05-30 14:24:37', '2013-06-04 23:18:27', '2013-06-04 23:18:27', '1'), ('b37c170f-d727-48d2-9194-4ff8dde85119', '49', 'arwesfsdfasdf', '44cc27a5-af8b-412f-855a-57c8205d86f5', '2013-05-30 14:31:58', '2013-06-04 23:14:55', '2013-06-04 23:14:55', '1'), ('d1f6cd62-b834-49d1-bfa0-4aa30eeec23f', '50', 'asdfasdfasdf', '44cc27a5-af8b-412f-855a-57c8205d86f5', '2013-05-30 14:32:05', '2013-06-04 23:15:13', '2013-06-04 23:15:13', '1'), ('f237acf3-44ea-4d3a-a919-c5a075e50ea6', '51', 'supernew', '44cc27a5-af8b-412f-855a-57c8205d86f5', '2013-05-30 14:51:10', '2013-06-04 23:18:15', '2013-06-04 23:18:15', '1'), ('20620394-aae4-4fe3-a984-f1da7c3d2975', '52', 'superbrazin', '44cc27a5-af8b-412f-855a-57c8205d86f5', '2013-05-30 14:51:35', '2013-06-04 23:18:09', '2013-06-04 23:18:09', '1'), ('5a0e2d07-7558-49ad-bd26-fabd3089d95b', '53', '123124124', '44cc27a5-af8b-412f-855a-57c8205d86f5', '2013-05-30 14:52:40', '2013-06-04 23:14:23', '2013-06-04 23:14:23', '1'), ('dd401628-574e-4deb-8f73-6cb3ca1cd700', '54', 'dfa45345345', '44cc27a5-af8b-412f-855a-57c8205d86f5', '2013-05-30 14:53:14', '2013-06-04 23:15:45', '2013-06-04 23:15:45', '1'), ('e85c6901-2fda-4b7a-8c15-9cf0fd4e3c16', '55', 'welcos', '44cc27a5-af8b-412f-855a-57c8205d86f5', '2013-05-30 14:58:20', '2013-06-04 23:18:17', '2013-06-04 23:18:17', '1'), ('f64cc16e-b6d2-41e0-a37e-7914c84d0f44', '56', 'dgsdfgsdfg', '44cc27a5-af8b-412f-855a-57c8205d86f5', '2013-05-30 14:58:36', '2013-06-04 23:16:03', '2013-06-04 23:16:03', '1'), ('e192b9f9-44b0-4ae8-86d7-f8349b625b02', '57', 'asdfasf;\'[;[[\'', '44cc27a5-af8b-412f-855a-57c8205d86f5', '2013-05-30 17:27:15', '2013-06-04 23:15:26', '2013-06-04 23:15:26', '1'), ('d853068e-8b8a-4776-a67b-5accbed86be7', '58', '\'\'\'\'\';[;[p[p[;[;[;\';[;[;[;[;[p;[;', '44cc27a5-af8b-412f-855a-57c8205d86f5', '2013-05-30 17:27:39', '2013-05-30 17:30:39', '2013-05-30 17:30:39', '1'), ('017fb1f4-8908-4ff9-bd94-ed791176d132', '59', '][;][/][', '44cc27a5-af8b-412f-855a-57c8205d86f5', '2013-05-30 17:28:14', '2013-06-04 23:14:40', '2013-06-04 23:14:40', '1'), ('575c974d-9d30-4698-8c86-aeb77a845762', '60', ';[][;\'\';\'', '44cc27a5-af8b-412f-855a-57c8205d86f5', '2013-05-30 17:29:13', '2013-06-04 23:14:34', '2013-06-04 23:14:34', '1'), ('80a952cb-773f-4107-b2d9-114a3122fd34', '61', '\']][][][\'', '44cc27a5-af8b-412f-855a-57c8205d86f5', '2013-05-30 17:30:08', '2013-06-04 23:14:15', '2013-06-04 23:14:15', '1'), ('1f894050-a46e-4467-8a1b-0c173781d314', '62', 'sdfsre564365', '44cc27a5-af8b-412f-855a-57c8205d86f5', '2013-05-30 17:45:18', '2013-06-04 23:18:12', '2013-06-04 23:18:12', '1'), ('6f84b44e-f1aa-4678-8c88-357eaa53a78a', '63', 'asgdfgdfg', '44cc27a5-af8b-412f-855a-57c8205d86f5', '2013-05-30 17:46:38', '2013-06-04 23:15:39', '2013-06-04 23:15:39', '1'), ('6814d498-8362-4837-9dae-50e5a1e0bd35', '64', 'gfdsgdsgsdfg', '44cc27a5-af8b-412f-855a-57c8205d86f5', '2013-05-30 17:47:26', '2013-06-04 23:17:33', '2013-06-04 23:17:33', '1'), ('48682476-3f02-4b17-8619-0d499a6239ec', '65', 'fdsdfsdf', '44cc27a5-af8b-412f-855a-57c8205d86f5', '2013-05-30 17:48:46', '2013-06-04 23:16:35', '2013-06-04 23:16:35', '1'), ('9c2804ed-55bb-4c2d-9348-7753c0ff7958', '66', 'gfgfgfgfgfgfg', '44cc27a5-af8b-412f-855a-57c8205d86f5', '2013-05-30 17:56:12', '2013-06-04 23:17:37', '2013-06-04 23:17:37', '1'), ('3f6d6554-db18-42db-878c-c267d4af1ac2', '67', 'dfdfsdfsdf', '44cc27a5-af8b-412f-855a-57c8205d86f5', '2013-05-30 17:57:19', '2013-06-04 23:16:15', '2013-06-04 23:16:15', '1'), ('1ef9a503-0d12-436f-9a08-fcb739017492', '68', 'sdfasdfasdf', '44cc27a5-af8b-412f-855a-57c8205d86f5', '2013-05-30 17:57:26', '2013-06-04 23:17:57', '2013-06-04 23:17:57', '1'), ('f0e66b3e-401a-473a-942d-13cef2f3f3e2', '69', 'ffdddssss', '44cc27a5-af8b-412f-855a-57c8205d86f5', '2013-05-30 17:57:48', '2013-06-04 23:16:25', '2013-06-04 23:16:25', '1'), ('6fdc2728-af54-4fdf-b3f2-81fd4bf34448', '70', '24234234', '44cc27a5-af8b-412f-855a-57c8205d86f5', '2013-05-30 17:57:54', '2013-06-04 23:14:26', '2013-06-04 23:14:26', '1'), ('49a2b779-7b9f-441d-b3c2-1e52600dd50c', '71', 'foobar', '44cc27a5-af8b-412f-855a-57c8205d86f5', '2013-05-30 19:09:49', '2013-06-04 23:17:22', '2013-06-04 23:17:22', '1'), ('aed05a2e-5395-43c8-97d5-ca2450d0bb73', '72', 'foobar', '44cc27a5-af8b-412f-855a-57c8205d86f5', '2013-05-30 19:10:12', '2013-06-04 23:17:25', '2013-06-04 23:17:25', '1'), ('ce942e84-1ce7-4f78-9bba-97a959461432', '73', 'foobar', '44cc27a5-af8b-412f-855a-57c8205d86f5', '2013-05-30 19:39:24', '2013-06-04 23:17:28', '2013-06-04 23:17:28', '1'), ('97ff9162-532b-4700-9e9d-49accf028c00', '74', 'One New Dictionary', '44cc27a5-af8b-412f-855a-57c8205d86f5', '2013-05-30 20:08:32', '2013-06-04 23:14:37', '2013-06-04 23:14:37', '1'), ('3cbb8d73-a49e-42b7-b72f-6c58a7edfd54', '75', 'kilosoz', '44cc27a5-af8b-412f-855a-57c8205d86f5', '2013-05-30 20:43:57', '2013-06-04 23:17:48', '2013-06-04 23:17:48', '1'), ('991ed557-b30e-4944-897a-7250e77424e8', '76', 'dfsdfsdf', '44cc27a5-af8b-412f-855a-57c8205d86f5', '2013-05-30 21:18:57', '2013-06-04 23:16:01', '2013-06-04 23:16:01', '1'), ('b67d1205-d95a-41b3-a7bb-ce321860ed87', '77', 'kilojk', '44cc27a5-af8b-412f-855a-57c8205d86f5', '2013-05-30 21:20:55', '2013-06-04 23:18:01', '2013-06-04 23:18:01', '1'), ('a4df6791-c612-4b05-a5c2-d1b9a244f17f', '78', 'jgfjhgfjhfg', '44cc27a5-af8b-412f-855a-57c8205d86f5', '2013-05-30 21:21:09', '2013-06-04 23:17:44', '2013-06-04 23:17:44', '1'), ('c0a07462-a8b1-4887-bbec-c0c0e260efee', '79', 'peanutes', '44cc27a5-af8b-412f-855a-57c8205d86f5', '2013-05-30 21:22:11', '2013-06-04 23:17:55', '2013-06-04 23:17:55', '1'), ('3690765b-b15e-43b5-a0ab-7f02e318b0eb', '80', 'asdfasdfasdf', '44cc27a5-af8b-412f-855a-57c8205d86f5', '2013-05-31 18:55:38', '2013-06-04 23:15:16', '2013-06-04 23:15:16', '1'), ('adbec686-3943-41e2-b4a0-c19254856f6b', '81', 'asdfasdfasdf', '44cc27a5-af8b-412f-855a-57c8205d86f5', '2013-05-31 19:08:01', '2013-06-04 23:15:19', '2013-06-04 23:15:19', '1'), ('05158514-1437-420b-aff2-713455081c93', '82', 'EchoLoca', '44cc27a5-af8b-412f-855a-57c8205d86f5', '2013-06-04 23:18:45', '2013-06-04 23:41:34', '2013-06-04 23:41:34', '1'), ('b4a402da-9f46-4322-9b7b-b75dc8e0925b', '83', 'dfdfdfdfdf', '44cc27a5-af8b-412f-855a-57c8205d86f5', '2013-06-04 23:20:58', '2013-06-04 23:40:46', '2013-06-04 23:40:46', '1'), ('0efc46d3-9662-44a7-ae77-accae5658163', '84', 'fdsfsdf', '44cc27a5-af8b-412f-855a-57c8205d86f5', '2013-06-04 23:22:04', '2013-06-04 23:40:50', '2013-06-04 23:40:50', '1'), ('ac4df8ab-7e77-497b-8883-d79ae02ece93', '85', 'asdfasdfasdfasdf', '44cc27a5-af8b-412f-855a-57c8205d86f5', '2013-06-04 23:25:51', '2013-06-04 23:25:51', null, '1'), ('66ce516c-d86d-43e2-a52d-d5f0bb14e947', '86', '123456', '44cc27a5-af8b-412f-855a-57c8205d86f5', '2013-06-04 23:26:45', '2013-08-11 08:41:11', '2013-08-11 08:41:11', '1'), ('576634d5-1f20-48b5-9ab4-52905fb3e0bb', '87', '3234234', '44cc27a5-af8b-412f-855a-57c8205d86f5', '2013-06-04 23:27:34', '2013-06-04 23:37:17', '2013-06-04 23:37:17', '1'), ('a82423a2-22fd-4795-b467-5552f35f5f98', '88', 'sdfsdfsdf', '44cc27a5-af8b-412f-855a-57c8205d86f5', '2013-06-04 23:28:44', '2013-06-04 23:41:09', '2013-06-04 23:41:09', '1'), ('f804223e-87f7-4de1-8225-4b8685c25f9b', '89', 'fsdsdfsdf', '44cc27a5-af8b-412f-855a-57c8205d86f5', '2013-06-04 23:29:35', '2013-06-04 23:41:04', '2013-06-04 23:41:04', '1'), ('c8149c10-5203-4d31-aed9-8d54bf758ef0', '90', 'asfdsfsdf', '44cc27a5-af8b-412f-855a-57c8205d86f5', '2013-06-04 23:29:53', '2013-06-04 23:40:42', '2013-06-04 23:40:42', '1'), ('9253c12e-19f4-4415-9bb4-f416829be296', '91', 'asdfasdfasdf', '44cc27a5-af8b-412f-855a-57c8205d86f5', '2013-06-04 23:30:00', '2013-06-04 23:41:39', '2013-06-04 23:41:39', '1'), ('8d141b77-1b0c-4783-ae67-cfe2715178ee', '92', 'asdfasdfasdf', '44cc27a5-af8b-412f-855a-57c8205d86f5', '2013-06-04 23:30:12', '2013-06-04 23:30:12', null, '1'), ('6e0e0305-0684-4470-b822-748f78f54b83', '93', 'aasdfasdfasdf', '44cc27a5-af8b-412f-855a-57c8205d86f5', '2013-06-04 23:31:27', '2013-06-04 23:31:27', null, '1'), ('b21bca9a-d38c-41f2-8450-5ebc871cb1e7', '94', 'wesdfs', '44cc27a5-af8b-412f-855a-57c8205d86f5', '2013-06-04 23:34:38', '2013-06-04 23:54:39', '2013-06-04 23:54:39', '1'), ('eb53554c-4d60-459d-9ffa-ee81ec5f65b7', '95', 'apples', '44cc27a5-af8b-412f-855a-57c8205d86f5', '2013-06-04 23:36:13', '2013-06-04 23:41:37', '2013-06-04 23:41:37', '1'), ('9c96198e-4d54-4a4d-a907-db34eed928bd', '96', 'scfasdfasdf', '44cc27a5-af8b-412f-855a-57c8205d86f5', '2013-06-08 22:03:59', '2013-06-29 20:46:13', '2013-06-29 20:46:13', '1'), ('af89d194-0cba-4adb-8da6-754f9bbf9e5a', '97', 'asdfasdfasdfasdf', '44cc27a5-af8b-412f-855a-57c8205d86f5', '2013-06-08 22:04:07', '2013-06-08 22:04:07', null, '1'), ('88fade8d-2e89-4b21-a589-3e935b786ebc', '98', '345235345', '44cc27a5-af8b-412f-855a-57c8205d86f5', '2013-06-08 22:36:11', '2013-06-08 22:36:11', null, '1'), ('c51e6516-71c3-4856-8441-d6c627757a2c', '99', 'dddfsssss', '44cc27a5-af8b-412f-855a-57c8205d86f5', '2013-06-08 22:40:42', '2013-06-08 22:40:42', null, '1'), ('9f4b87d4-3896-489a-9def-240b50551a26', '100', 'asdfasdfasdfasdf', '44cc27a5-af8b-412f-855a-57c8205d86f5', '2013-06-08 22:40:57', '2013-06-08 22:40:57', null, '1'), ('6f7da081-1dfa-4d17-ad1b-e5d562afac9a', '101', 'asdfasdfasdfasdf', '44cc27a5-af8b-412f-855a-57c8205d86f5', '2013-06-08 22:41:58', '2013-06-08 22:41:58', null, '1'), ('04ac9ac1-fc12-483b-91e6-948105ce7b78', '102', 'dddddddddd', '44cc27a5-af8b-412f-855a-57c8205d86f5', '2013-06-08 22:42:42', '2013-06-08 22:42:42', null, '1'), ('60b76470-d7de-4dd3-ba23-9cb4622fff51', '103', '43563457634753457', '44cc27a5-af8b-412f-855a-57c8205d86f5', '2013-06-08 22:43:08', '2013-06-08 22:43:08', null, '1'), ('fb7ee04d-2345-4039-9ccf-a3f0a4956b87', '104', 'dfasdfasdf', '44cc27a5-af8b-412f-855a-57c8205d86f5', '2013-06-08 22:45:11', '2013-06-08 22:45:11', null, '1'), ('64cc2a32-f7be-4122-961e-6fe128bf3534', '105', 'asdfasdfasdf', '44cc27a5-af8b-412f-855a-57c8205d86f5', '2013-06-08 22:46:24', '2013-06-08 22:46:24', null, '1'), ('a674e68f-d8bb-48bf-aa66-f233e1690894', '106', '123124124124', '44cc27a5-af8b-412f-855a-57c8205d86f5', '2013-06-08 22:47:05', '2013-08-11 08:41:02', '2013-08-11 08:41:02', '1'), ('a3869ab6-2fa7-4e61-8d04-2452f7af6891', '107', 'sdfgsdfgsdfg', '44cc27a5-af8b-412f-855a-57c8205d86f5', '2013-06-08 22:47:26', '2013-06-29 20:46:08', '2013-06-29 20:46:08', '1'), ('9c4264c2-e0dc-4af5-bce8-655e6f108d13', '108', 'asdfasdfasdfasdf', '44cc27a5-af8b-412f-855a-57c8205d86f5', '2013-06-08 22:47:53', '2013-06-08 22:47:53', null, '1'), ('88972008-72be-4de0-ac66-74fbee6049a1', '109', '345345345345', '44cc27a5-af8b-412f-855a-57c8205d86f5', '2013-06-08 22:48:05', '2013-06-08 22:48:05', null, '1'), ('1361a990-6094-4e0c-b960-b9a137bbbfd6', '110', 'asdfasdfasdf', '44cc27a5-af8b-412f-855a-57c8205d86f5', '2013-06-08 22:48:16', '2013-06-08 22:48:16', null, '1'), ('00b15093-b220-464f-8d75-3aa7236206c3', '111', 'jhgiuhgkuygiyug', '44cc27a5-af8b-412f-855a-57c8205d86f5', '2013-07-09 00:33:17', '2013-07-09 00:33:17', null, '1'), ('c303bcbc-b3ce-454d-98aa-244462b0059c', '112', 'asdfasdfasdf', '44cc27a5-af8b-412f-855a-57c8205d86f5', '2013-08-01 08:10:56', '2013-08-01 08:10:56', null, '1'), ('522ae6fc-418b-4579-8888-3015c940221b', '113', 'New DiS1', '44cc27a5-af8b-412f-855a-57c8205d86f5', '2013-08-02 16:09:22', '2013-08-02 16:09:22', null, '1'), ('3ff30e02-2d7d-447c-95e6-592adcf21974', '114', 'new ipads 1', '44cc27a5-af8b-412f-855a-57c8205d86f5', '2013-08-11 08:38:08', '2013-08-11 08:38:08', null, '1'), ('166b5c26-f730-4b3f-9fba-e5e0c533d97d', '115', 'qw452w4twdrtswetrywetrywert', '44cc27a5-af8b-412f-855a-57c8205d86f5', '2013-08-31 11:32:45', '2013-09-13 19:23:10', null, '1'), ('47fae1d7-6c30-48f1-b1e2-1768f84d6655', '116', 'asdfasdfasdf', '44cc27a5-af8b-412f-855a-57c8205d86f5', '2013-09-18 19:09:56', '2013-09-18 19:09:56', null, '1');
COMMIT;

-- ----------------------------
--  Table structure for `dictionaryItems`
-- ----------------------------
DROP TABLE IF EXISTS `dictionaryItems`;
CREATE TABLE `dictionaryItems` (
  `uid` varchar(255) COLLATE utf8_bin NOT NULL,
  `id` int(11) NOT NULL AUTO_INCREMENT,
  `name` varchar(255) COLLATE utf8_bin DEFAULT NULL,
  `clientUid` varchar(255) COLLATE utf8_bin NOT NULL DEFAULT '',
  `dictionaryUid` varchar(255) COLLATE utf8_bin NOT NULL DEFAULT '',
  `createdAt` datetime NOT NULL,
  `updatedAt` datetime NOT NULL,
  `deletedAt` datetime DEFAULT NULL,
  `clientId` int(11) NOT NULL DEFAULT '0',
  `dictionaryId` int(11) NOT NULL DEFAULT '0',
  PRIMARY KEY (`id`),
  UNIQUE KEY `uid_UNIQUE` (`uid`),
  KEY `fk_dictionaryItems_dictionaries1` (`dictionaryId`),
  KEY `fk_dictionaryItems_clients1` (`clientId`),
  KEY `fk_dictionaryItems_dictionaries2` (`dictionaryUid`),
  KEY `fk_dictionaryItems_clients2` (`clientUid`),
  CONSTRAINT `fk_dictionaryItems_clients1` FOREIGN KEY (`clientId`) REFERENCES `clients` (`id`) ON DELETE CASCADE ON UPDATE CASCADE,
  CONSTRAINT `fk_dictionaryItems_clients2` FOREIGN KEY (`clientUid`) REFERENCES `clients` (`uid`) ON DELETE CASCADE ON UPDATE CASCADE,
  CONSTRAINT `fk_dictionaryItems_dictionaries1` FOREIGN KEY (`dictionaryId`) REFERENCES `dictionaries` (`id`) ON DELETE CASCADE ON UPDATE CASCADE,
  CONSTRAINT `fk_dictionaryItems_dictionaries2` FOREIGN KEY (`dictionaryUid`) REFERENCES `dictionaries` (`uid`) ON DELETE CASCADE ON UPDATE CASCADE
) ENGINE=InnoDB AUTO_INCREMENT=38 DEFAULT CHARSET=utf8 COLLATE=utf8_bin ROW_FORMAT=COMPACT;

-- ----------------------------
--  Records of `dictionaryItems`
-- ----------------------------
BEGIN;
INSERT INTO `dictionaryItems` VALUES ('ad755cb6-c1e3-4dd8-b73a-abe51652a55d', '1', 'Sears Tower', '44cc27a5-af8b-412f-855a-57c8205d86f5', '42901aba-c28a-43a9-8080-6f9d383a3644', '2013-04-13 19:46:11', '2013-04-13 19:46:13', null, '1', '1'), ('2d5c970f-a25a-41ec-bd9b-3abdd1bdbd2c', '2', 'World Trade Center', '44cc27a5-af8b-412f-855a-57c8205d86f5', '42901aba-c28a-43a9-8080-6f9d383a3644', '2013-04-13 19:46:48', '2013-05-02 10:56:33', null, '1', '1'), ('064225fe-372f-4a0f-bf84-28e8e38a12db', '3', 'Burja Kalifa', '44cc27a5-af8b-412f-855a-57c8205d86f5', '42901aba-c28a-43a9-8080-6f9d383a3644', '2013-04-13 19:47:24', '2013-05-17 18:44:15', null, '1', '1'), ('7db098a0-dc47-47c0-99a3-cad4a35ff80b', '4', 'Macintosh', '05817084-bc15-4dee-90a1-2e0735a242e1', '7335505b-6a74-43c0-ae03-675c632806c1', '2013-04-13 19:48:02', '2013-04-13 19:48:07', null, '2', '3'), ('b97e02e4-bad8-4891-be85-9cb8c49526ec', '5', 'Orange1', '44cc27a5-af8b-412f-855a-57c8205d86f5', '3b5c6c5b-ca10-4c96-a9e3-82cfa15e258c', '2013-05-03 00:17:36', '2013-06-04 21:43:38', '2013-06-04 21:43:38', '1', '2'), ('c92ca0b6-7053-4dd3-97b1-ff9ad4ab179a', '6', 'Apple4', '44cc27a5-af8b-412f-855a-57c8205d86f5', '3b5c6c5b-ca10-4c96-a9e3-82cfa15e258c', '2013-05-03 00:18:15', '2013-06-04 21:42:46', '2013-06-04 21:42:46', '1', '2'), ('393a85dd-2e10-4178-ba68-313a231b7f32', '7', 'Apple2', '44cc27a5-af8b-412f-855a-57c8205d86f5', '3b5c6c5b-ca10-4c96-a9e3-82cfa15e258c', '2013-05-03 00:20:18', '2013-05-28 21:02:31', '2013-05-28 21:02:31', '1', '2'), ('b8281c77-1cb9-49d2-9144-f9d1c2b38e7a', '8', 'Apple3', '44cc27a5-af8b-412f-855a-57c8205d86f5', '3b5c6c5b-ca10-4c96-a9e3-82cfa15e258c', '2013-05-03 00:21:46', '2013-06-04 21:38:27', '2013-06-04 21:38:27', '1', '2'), ('5b0e1fe2-1fde-4e21-9337-89cf802902cc', '9', 'Apple5', '44cc27a5-af8b-412f-855a-57c8205d86f5', '3b5c6c5b-ca10-4c96-a9e3-82cfa15e258c', '2013-05-07 19:34:12', '2013-06-04 21:37:56', '2013-06-04 21:37:56', '1', '2'), ('abf86056-d197-45bc-aa09-678e8386f0e1', '10', 'Peach', '44cc27a5-af8b-412f-855a-57c8205d86f5', '3b5c6c5b-ca10-4c96-a9e3-82cfa15e258c', '2013-05-18 02:38:01', '2013-06-04 21:48:14', '2013-06-04 21:48:14', '1', '2'), ('5db4d068-dcd4-4042-87c8-913d6aa8a888', '11', 'new item3333', '44cc27a5-af8b-412f-855a-57c8205d86f5', '3b5c6c5b-ca10-4c96-a9e3-82cfa15e258c', '2013-05-28 20:26:57', '2013-06-04 22:16:14', '2013-06-04 22:16:14', '1', '2'), ('c5317397-153f-4f18-a8a0-370a03ff0c47', '12', 'vaffasdgfgd', '44cc27a5-af8b-412f-855a-57c8205d86f5', '3b5c6c5b-ca10-4c96-a9e3-82cfa15e258c', '2013-05-28 20:31:17', '2013-05-28 20:31:17', null, '1', '2'), ('a8a8be84-4659-4439-8551-2075ef172a1b', '13', 'megatrons453', '44cc27a5-af8b-412f-855a-57c8205d86f5', '3b5c6c5b-ca10-4c96-a9e3-82cfa15e258c', '2013-05-28 20:31:50', '2013-06-04 22:16:19', null, '1', '2'), ('b69429e9-eca9-4614-8e6e-e837535f2cd5', '14', 'dddd', '44cc27a5-af8b-412f-855a-57c8205d86f5', '3b5c6c5b-ca10-4c96-a9e3-82cfa15e258c', '2013-05-28 20:51:51', '2013-06-04 21:52:38', '2013-06-04 21:52:38', '1', '2'), ('d6ceae37-fcbc-4161-967b-315ef98c26f0', '15', 'dicsa', '44cc27a5-af8b-412f-855a-57c8205d86f5', '3b5c6c5b-ca10-4c96-a9e3-82cfa15e258c', '2013-05-29 10:39:22', '2013-06-04 22:08:21', '2013-06-04 22:08:21', '1', '2'), ('dd00323d-1c66-4656-9789-37c505367df5', '16', 'asdfasdf222222', '44cc27a5-af8b-412f-855a-57c8205d86f5', '3b5c6c5b-ca10-4c96-a9e3-82cfa15e258c', '2013-05-29 10:39:29', '2013-06-04 22:13:19', '2013-06-04 22:13:19', '1', '2'), ('06af2c9b-b551-42a3-a17e-dca65100d2c0', '17', 'kilosgsdfdfg', '44cc27a5-af8b-412f-855a-57c8205d86f5', '3b5c6c5b-ca10-4c96-a9e3-82cfa15e258c', '2013-05-29 10:39:35', '2013-06-04 22:15:29', '2013-06-04 22:15:29', '1', '2'), ('5b7702e7-225f-4090-a7b6-ae0eba4d79ab', '18', 'asdfasdf', '44cc27a5-af8b-412f-855a-57c8205d86f5', '1c92e5f8-9c45-4846-ade3-f5d65b79132e', '2013-05-30 11:40:20', '2013-06-04 23:14:08', '2013-06-04 23:14:08', '1', '19'), ('76fb408f-0a4e-479e-b719-dc883319885f', '19', 'asdfasdfasdf', '44cc27a5-af8b-412f-855a-57c8205d86f5', '1c92e5f8-9c45-4846-ade3-f5d65b79132e', '2013-05-30 11:40:24', '2013-05-30 11:40:24', null, '1', '19'), ('fb2aa694-cd33-453e-bebf-483e29b9c7ba', '20', 'asdfasdfasdf', '44cc27a5-af8b-412f-855a-57c8205d86f5', '1c92e5f8-9c45-4846-ade3-f5d65b79132e', '2013-05-30 11:41:00', '2013-05-30 11:41:00', null, '1', '19'), ('62443e28-61c7-4da8-bcc0-9853fd4f8d4e', '21', 'dasfdadfas', '44cc27a5-af8b-412f-855a-57c8205d86f5', '1c92e5f8-9c45-4846-ade3-f5d65b79132e', '2013-05-30 11:43:06', '2013-05-30 11:43:06', null, '1', '19'), ('9588c148-1dbc-4d71-b259-fcb5dc77ad4d', '22', 'afsdfasdf', '44cc27a5-af8b-412f-855a-57c8205d86f5', '1c92e5f8-9c45-4846-ade3-f5d65b79132e', '2013-05-30 11:46:48', '2013-06-04 23:14:05', '2013-06-04 23:14:05', '1', '19'), ('584b3b1d-ba79-4cbd-b2e3-4e7118ae49e7', '23', 'wildcasts', '44cc27a5-af8b-412f-855a-57c8205d86f5', '3b5c6c5b-ca10-4c96-a9e3-82cfa15e258c', '2013-05-31 19:07:36', '2013-05-31 19:07:36', null, '1', '2'), ('e5062b73-a9c3-4977-8374-c2ae72121c09', '24', 'asdfasdfasdfasdfasdfasdfas', '44cc27a5-af8b-412f-855a-57c8205d86f5', '3b5c6c5b-ca10-4c96-a9e3-82cfa15e258c', '2013-05-31 19:07:44', '2013-06-04 21:47:50', '2013-06-04 21:47:50', '1', '2'), ('c53e3f73-cbc7-4f3e-9274-393ea779b8a9', '25', 'wildness101', '44cc27a5-af8b-412f-855a-57c8205d86f5', '80a952cb-773f-4107-b2d9-114a3122fd34', '2013-05-31 19:08:49', '2013-05-31 19:08:49', null, '1', '61'), ('e5f31423-55f2-4063-b01a-7b1892943f15', '26', 'first item 103', '44cc27a5-af8b-412f-855a-57c8205d86f5', '80a952cb-773f-4107-b2d9-114a3122fd34', '2013-05-31 19:10:00', '2013-06-04 21:35:31', '2013-06-04 21:35:31', '1', '61'), ('7c4c3161-1009-41cb-afc6-c37c3b7e94d7', '27', 'dsfasdfasdf', '44cc27a5-af8b-412f-855a-57c8205d86f5', '80a952cb-773f-4107-b2d9-114a3122fd34', '2013-05-31 19:10:04', '2013-06-04 21:37:07', '2013-06-04 21:37:07', '1', '61'), ('76919842-7d53-40f6-b4d2-7d381dcc113f', '28', 'wilodosz', '44cc27a5-af8b-412f-855a-57c8205d86f5', '80a952cb-773f-4107-b2d9-114a3122fd34', '2013-05-31 19:10:38', '2013-05-31 19:10:38', null, '1', '61'), ('ce9a0cd5-08c3-4455-b22f-cabfe536d474', '29', 'applegasisss', '44cc27a5-af8b-412f-855a-57c8205d86f5', '80a952cb-773f-4107-b2d9-114a3122fd34', '2013-05-31 19:10:46', '2013-06-04 21:35:23', '2013-06-04 21:35:23', '1', '61'), ('90ad98c7-035f-4fbb-9d11-71bb2e186bfb', '30', 'adsfasdfasdf', '44cc27a5-af8b-412f-855a-57c8205d86f5', '80a952cb-773f-4107-b2d9-114a3122fd34', '2013-05-31 19:28:00', '2013-06-04 21:33:09', '2013-06-04 21:33:09', '1', '61'), ('64343e39-9d21-47ec-86e7-782ea76afc82', '31', 'DIS', '44cc27a5-af8b-412f-855a-57c8205d86f5', '1c92e5f8-9c45-4846-ade3-f5d65b79132e', '2013-06-04 23:37:26', '2013-07-04 15:34:15', '2013-07-04 15:34:15', '1', '19'), ('2262e118-4700-4059-a316-f3f0e4906224', '32', '12345', '44cc27a5-af8b-412f-855a-57c8205d86f5', 'a674e68f-d8bb-48bf-aa66-f233e1690894', '2013-07-18 13:35:25', '2013-08-02 10:31:06', null, '1', '106'), ('9df3f19f-6f9c-4f26-bad4-2449517c7195', '33', 'item 1', '44cc27a5-af8b-412f-855a-57c8205d86f5', '522ae6fc-418b-4579-8888-3015c940221b', '2013-08-02 16:09:39', '2013-08-02 16:09:39', null, '1', '113'), ('299d6481-0730-414f-a679-bd7ba2374b95', '34', 'item 2', '44cc27a5-af8b-412f-855a-57c8205d86f5', '522ae6fc-418b-4579-8888-3015c940221b', '2013-08-02 16:09:46', '2013-08-02 16:09:46', null, '1', '113'), ('7014ed82-7496-4723-a9c1-eb06d56ea8de', '35', '222', '44cc27a5-af8b-412f-855a-57c8205d86f5', '522ae6fc-418b-4579-8888-3015c940221b', '2013-08-02 16:10:00', '2013-08-02 16:10:00', null, '1', '113'), ('2b4d04bb-be7d-4627-a22a-3488b71cf157', '36', 'i101', '44cc27a5-af8b-412f-855a-57c8205d86f5', 'c303bcbc-b3ce-454d-98aa-244462b0059c', '2013-08-05 04:21:48', '2013-08-05 04:21:48', null, '1', '112'), ('4a690c80-9f50-49d6-b976-64a34f99e924', '37', '1232132', '44cc27a5-af8b-412f-855a-57c8205d86f5', '3ff30e02-2d7d-447c-95e6-592adcf21974', '2013-08-11 08:38:23', '2013-08-11 08:38:23', null, '1', '114');
COMMIT;

-- ----------------------------
--  Table structure for `employees`
-- ----------------------------
DROP TABLE IF EXISTS `employees`;
CREATE TABLE `employees` (
  `uid` varchar(255) COLLATE utf8_bin NOT NULL DEFAULT '',
  `id` int(11) NOT NULL AUTO_INCREMENT,
  `identifier` varchar(255) COLLATE utf8_bin DEFAULT NULL,
  `firstName` varchar(255) COLLATE utf8_bin DEFAULT NULL,
  `lastName` varchar(255) COLLATE utf8_bin DEFAULT NULL,
  `email` varchar(255) COLLATE utf8_bin DEFAULT NULL,
  `phone` varchar(255) COLLATE utf8_bin DEFAULT NULL,
  `username` varchar(255) COLLATE utf8_bin DEFAULT NULL,
  `password` varchar(255) COLLATE utf8_bin DEFAULT NULL,
  `type` enum('superAdmin','clientSuperAdmin','clientAdmin','clientDelegate','clientAuditor') COLLATE utf8_bin NOT NULL,
  `clientUid` varchar(255) COLLATE utf8_bin NOT NULL DEFAULT '',
  `businessDivision0Uid` varchar(255) COLLATE utf8_bin DEFAULT NULL,
  `createdAt` datetime NOT NULL,
  `updatedAt` datetime NOT NULL,
  `deletedAt` datetime DEFAULT NULL,
  `clientId` int(11) NOT NULL,
  `businessDivision0Id` int(11) DEFAULT NULL,
  PRIMARY KEY (`id`),
  UNIQUE KEY `uid` (`uid`),
  KEY `clientId` (`clientId`),
  KEY `clientUid` (`clientUid`),
  KEY `businessDivision0Uid` (`businessDivision0Uid`),
  KEY `businessDivision0Id` (`businessDivision0Id`),
  CONSTRAINT `employees_ibfk_1` FOREIGN KEY (`clientId`) REFERENCES `clients` (`id`) ON DELETE CASCADE ON UPDATE CASCADE,
  CONSTRAINT `employees_ibfk_2` FOREIGN KEY (`clientUid`) REFERENCES `clients` (`uid`) ON DELETE CASCADE ON UPDATE CASCADE,
  CONSTRAINT `employees_ibfk_3` FOREIGN KEY (`businessDivision0Uid`) REFERENCES `businessDivision0s` (`uid`) ON DELETE SET NULL ON UPDATE SET NULL,
  CONSTRAINT `employees_ibfk_4` FOREIGN KEY (`businessDivision0Id`) REFERENCES `businessDivision0s` (`id`) ON DELETE SET NULL ON UPDATE SET NULL
) ENGINE=InnoDB AUTO_INCREMENT=47584 DEFAULT CHARSET=utf8 COLLATE=utf8_bin ROW_FORMAT=COMPACT;

-- ----------------------------
--  Records of `employees`
-- ----------------------------
BEGIN;
INSERT INTO `employees` VALUES ('45b7c719-2049-4a44-ad9c-09e858afc48b', '1', 'casey', 'Casey', 'Flynn', 'casey_flynn@cobarsystems.com', '7745734580', 'casey', '$2a$12$i5clYosAvZGPQTYvbYwYx.4GITiLev7.xYA0ZpFZV7Upziw1rRVBK', 'clientSuperAdmin', '44cc27a5-af8b-412f-855a-57c8205d86f5', null, '2013-04-10 22:17:43', '2013-09-23 20:00:25', null, '1', null), ('04ad5b05-c9a5-430f-8d5c-8483d5d904e4', '2', 'johann', 'Johann', 'Barlach', 'johann_barlach@cobarsystems.com', '6177948740', 'johann', '$2a$12$i5clYosAvZGPQTYvbYwYx.4GITiLev7.xYA0ZpFZV7Upziw1rRVBK', 'clientSuperAdmin', '44cc27a5-af8b-412f-855a-57c8205d86f5', null, '2013-04-10 22:18:16', '2013-08-14 05:26:21', null, '1', null), ('0054d814-6d36-4573-bbfc-a2b6644266cc', '4', 'Marc', 'Xis', 'kdi', 'kdigf', 'lsdfsd', 'sdfgsgd', '$2a$12$i5clYosAvZGPQTYvbYwYx.4GITiLev7.xYA0ZpFZV7Upziw1rRVBK', 'clientDelegate', '05817084-bc15-4dee-90a1-2e0735a242e1', null, '2013-04-10 22:19:26', '2013-04-10 22:19:28', null, '2', null), ('f755b54f-e918-4fcb-9024-2b48370df4a1', '5', 'michelle', 'Michelle', 'Buchman', 'michelle_buchman@cobarsystems.com', '9783947015', 'michelle', '$2a$12$i5clYosAvZGPQTYvbYwYx.4GITiLev7.xYA0ZpFZV7Upziw1rRVBK', 'clientSuperAdmin', '44cc27a5-af8b-412f-855a-57c8205d86f5', null, '2013-04-10 22:18:52', '2013-04-10 22:18:54', null, '1', null), ('b984b960-4022-437c-bce5-98b74138f934', '47583', null, 'David', 'Tavare', 'david@email.com', '9995995955', null, null, 'clientDelegate', '44cc27a5-af8b-412f-855a-57c8205d86f5', null, '2013-07-01 17:04:54', '2013-07-01 17:04:54', null, '1', null);
COMMIT;

-- ----------------------------
--  Table structure for `eventParticipants`
-- ----------------------------
DROP TABLE IF EXISTS `eventParticipants`;
CREATE TABLE `eventParticipants` (
  `uid` varchar(255) COLLATE utf8_bin NOT NULL,
  `id` int(11) NOT NULL AUTO_INCREMENT,
  `initialViewDateTime` datetime DEFAULT NULL,
  `finalizedDateTime` datetime DEFAULT NULL,
  `clientUid` varchar(255) COLLATE utf8_bin NOT NULL DEFAULT '',
  `employeeUid` varchar(255) COLLATE utf8_bin NOT NULL DEFAULT '',
  `eventUid` varchar(255) COLLATE utf8_bin NOT NULL DEFAULT '',
  `createdAt` datetime NOT NULL,
  `updatedAt` datetime NOT NULL,
  `deletedAt` datetime DEFAULT NULL,
  `employeeId` int(11) NOT NULL DEFAULT '0',
  `eventId` int(11) NOT NULL DEFAULT '0',
  `clientId` int(11) NOT NULL DEFAULT '0',
  PRIMARY KEY (`id`),
  UNIQUE KEY `uid_UNIQUE` (`uid`),
  UNIQUE KEY `clientUid` (`clientUid`,`employeeUid`,`employeeId`,`eventId`,`eventUid`,`clientId`),
  KEY `fk_eventParticipants_clients1` (`clientId`),
  KEY `fk_eventParticipants_events1` (`eventId`),
  KEY `fk_eventParticipants_employees1` (`employeeId`),
  KEY `fk_eventParticipants_events2` (`eventUid`),
  KEY `fk_eventParticipants_employees2` (`employeeUid`),
  KEY `fk_eventParticipants_clients2` (`clientUid`),
  CONSTRAINT `fk_eventParticipants_clients1` FOREIGN KEY (`clientId`) REFERENCES `clients` (`id`) ON DELETE CASCADE ON UPDATE CASCADE,
  CONSTRAINT `fk_eventParticipants_clients2` FOREIGN KEY (`clientUid`) REFERENCES `clients` (`uid`) ON DELETE CASCADE ON UPDATE CASCADE,
  CONSTRAINT `fk_eventParticipants_employees1` FOREIGN KEY (`employeeId`) REFERENCES `employees` (`id`) ON DELETE CASCADE ON UPDATE CASCADE,
  CONSTRAINT `fk_eventParticipants_employees2` FOREIGN KEY (`employeeUid`) REFERENCES `employees` (`uid`) ON DELETE CASCADE ON UPDATE CASCADE,
  CONSTRAINT `fk_eventParticipants_events1` FOREIGN KEY (`eventId`) REFERENCES `events` (`id`) ON DELETE CASCADE ON UPDATE CASCADE,
  CONSTRAINT `fk_eventParticipants_events2` FOREIGN KEY (`eventUid`) REFERENCES `events` (`uid`) ON DELETE CASCADE ON UPDATE CASCADE
) ENGINE=InnoDB AUTO_INCREMENT=116 DEFAULT CHARSET=utf8 COLLATE=utf8_bin ROW_FORMAT=COMPACT;

-- ----------------------------
--  Records of `eventParticipants`
-- ----------------------------
BEGIN;
INSERT INTO `eventParticipants` VALUES ('d0ee2d4b-3154-49d8-a588-a05a6ddd7910', '80', '2013-07-04 20:31:33', null, '44cc27a5-af8b-412f-855a-57c8205d86f5', '45b7c719-2049-4a44-ad9c-09e858afc48b', 'fab98b6f-580a-4115-84a5-ef69c51e64a2', '2013-06-30 14:08:53', '2013-07-04 20:31:33', null, '1', '90', '1'), ('c8da3cad-601d-4a6f-bca9-13d6ff5f3ecb', '81', null, null, '44cc27a5-af8b-412f-855a-57c8205d86f5', '04ad5b05-c9a5-430f-8d5c-8483d5d904e4', 'fab98b6f-580a-4115-84a5-ef69c51e64a2', '2013-06-30 14:08:53', '2013-06-30 14:08:53', null, '2', '90', '1'), ('45a88d37-a166-4bbe-b532-6798b91d301f', '82', null, null, '44cc27a5-af8b-412f-855a-57c8205d86f5', '45b7c719-2049-4a44-ad9c-09e858afc48b', '134c8630-c306-41ac-8197-8c913d31e2b5', '2013-06-30 15:05:24', '2013-06-30 15:05:24', null, '1', '91', '1'), ('713057f0-16e3-437a-9802-d62f907b0765', '83', null, null, '44cc27a5-af8b-412f-855a-57c8205d86f5', '45b7c719-2049-4a44-ad9c-09e858afc48b', '9e6ee8a6-ebf6-4dcc-8716-ceb93ee05458', '2013-07-01 12:48:00', '2013-07-01 12:48:00', null, '1', '92', '1'), ('3b806636-a996-4154-aa24-6925071b8557', '84', null, null, '44cc27a5-af8b-412f-855a-57c8205d86f5', '45b7c719-2049-4a44-ad9c-09e858afc48b', 'f19d942a-b2cc-401b-878f-baf736357641', '2013-07-01 12:49:30', '2013-07-01 12:49:30', null, '1', '93', '1'), ('729bd8d4-38ed-48c0-b8da-1cd07576cf89', '85', null, null, '44cc27a5-af8b-412f-855a-57c8205d86f5', '45b7c719-2049-4a44-ad9c-09e858afc48b', 'c0b1c0ad-cd45-4069-8fe0-793105738017', '2013-07-01 12:50:31', '2013-07-01 12:50:31', null, '1', '94', '1'), ('fca5364c-258c-42c8-97f0-0d4056e5b0a0', '86', null, null, '44cc27a5-af8b-412f-855a-57c8205d86f5', '45b7c719-2049-4a44-ad9c-09e858afc48b', 'b35bb422-2b23-4eb8-85a0-9e094893247d', '2013-07-01 12:51:43', '2013-07-01 12:51:43', null, '1', '95', '1'), ('2202b23f-45ef-45d7-a547-13d72ee13694', '87', null, null, '44cc27a5-af8b-412f-855a-57c8205d86f5', '45b7c719-2049-4a44-ad9c-09e858afc48b', '196062a0-483c-4aec-bc8a-263770c3b78c', '2013-07-01 12:59:27', '2013-07-01 12:59:27', null, '1', '96', '1'), ('6fdfdfdf-6fe4-408a-9f14-07e25960b2c1', '88', null, null, '44cc27a5-af8b-412f-855a-57c8205d86f5', '45b7c719-2049-4a44-ad9c-09e858afc48b', '411b7b0f-c1db-444a-af92-2b21d17d79aa', '2013-07-01 13:08:07', '2013-07-01 13:08:07', null, '1', '97', '1'), ('8aeaac8c-d3c1-4a57-8182-e0429c24e79d', '89', null, null, '44cc27a5-af8b-412f-855a-57c8205d86f5', '45b7c719-2049-4a44-ad9c-09e858afc48b', 'befc58b2-e784-498a-80e2-6bd21beb5419', '2013-07-01 13:23:54', '2013-07-01 13:23:54', null, '1', '98', '1'), ('0318b7eb-7fcb-4306-bd44-5cd609f68878', '90', null, null, '44cc27a5-af8b-412f-855a-57c8205d86f5', '04ad5b05-c9a5-430f-8d5c-8483d5d904e4', 'befc58b2-e784-498a-80e2-6bd21beb5419', '2013-07-01 13:23:54', '2013-07-01 13:23:54', null, '2', '98', '1'), ('b7d89c9d-70b4-456e-99e0-26d95cd0f660', '91', null, null, '44cc27a5-af8b-412f-855a-57c8205d86f5', '45b7c719-2049-4a44-ad9c-09e858afc48b', '99decc52-68e1-4cd5-90aa-3cbd9aa0d0fd', '2013-07-01 13:25:40', '2013-07-01 13:25:40', null, '1', '99', '1'), ('f052b00d-06e8-4b99-bcae-98758d496cea', '92', null, null, '44cc27a5-af8b-412f-855a-57c8205d86f5', '04ad5b05-c9a5-430f-8d5c-8483d5d904e4', '9dc3eb92-3c9f-460c-812a-895c9733368b', '2013-07-01 13:27:04', '2013-07-01 13:27:04', null, '2', '100', '1'), ('4c582f5f-a4cc-4afb-9a03-f8fd17850d7b', '93', null, null, '44cc27a5-af8b-412f-855a-57c8205d86f5', '45b7c719-2049-4a44-ad9c-09e858afc48b', '9dc3eb92-3c9f-460c-812a-895c9733368b', '2013-07-01 13:27:04', '2013-07-01 13:27:04', null, '1', '100', '1'), ('3bb2727b-a2b5-4269-b624-639000d092b3', '94', null, null, '44cc27a5-af8b-412f-855a-57c8205d86f5', '45b7c719-2049-4a44-ad9c-09e858afc48b', 'e5bff602-b5d9-437f-ab8d-8e99f37289af', '2013-07-01 17:01:42', '2013-07-01 17:01:42', null, '1', '101', '1'), ('07d7537c-8a87-44d2-b2ac-bf319146b53e', '95', null, null, '44cc27a5-af8b-412f-855a-57c8205d86f5', '04ad5b05-c9a5-430f-8d5c-8483d5d904e4', 'e5bff602-b5d9-437f-ab8d-8e99f37289af', '2013-07-01 17:01:42', '2013-07-01 17:01:42', null, '2', '101', '1'), ('6445e88d-1356-4aa2-b3d6-7e3ef69ec9f4', '96', null, null, '44cc27a5-af8b-412f-855a-57c8205d86f5', '45b7c719-2049-4a44-ad9c-09e858afc48b', 'cc5173cb-fcf9-4d75-9da4-467f2da815ee', '2013-07-03 14:48:47', '2013-07-03 14:48:47', null, '1', '102', '1'), ('dc84bb8d-9f26-434b-98b4-a84342f05e48', '97', null, null, '44cc27a5-af8b-412f-855a-57c8205d86f5', 'b984b960-4022-437c-bce5-98b74138f934', 'a1afa4f2-4634-4f86-b026-2df3a1fb5a40', '2013-07-03 16:17:52', '2013-07-03 16:17:52', null, '47583', '103', '1'), ('922ad9ef-12d9-4eee-a31e-cabf9d49a7d1', '98', null, null, '44cc27a5-af8b-412f-855a-57c8205d86f5', '45b7c719-2049-4a44-ad9c-09e858afc48b', 'a1afa4f2-4634-4f86-b026-2df3a1fb5a40', '2013-07-03 16:17:52', '2013-07-03 16:17:52', null, '1', '103', '1'), ('50022128-8460-4c47-99ae-13e14f0df075', '99', null, null, '44cc27a5-af8b-412f-855a-57c8205d86f5', '04ad5b05-c9a5-430f-8d5c-8483d5d904e4', 'a1afa4f2-4634-4f86-b026-2df3a1fb5a40', '2013-07-03 16:17:52', '2013-07-03 16:17:52', null, '2', '103', '1'), ('29772424-6bc4-445b-b9da-c267453babd3', '100', null, null, '44cc27a5-af8b-412f-855a-57c8205d86f5', '45b7c719-2049-4a44-ad9c-09e858afc48b', 'fc7df6e8-87c5-47df-8867-a991c5ecc3f8', '2013-07-04 15:30:28', '2013-07-04 15:30:28', null, '1', '104', '1'), ('a4f7d837-41b7-42d5-9e10-c33bc1d2ae8c', '101', null, null, '44cc27a5-af8b-412f-855a-57c8205d86f5', 'b984b960-4022-437c-bce5-98b74138f934', 'fc7df6e8-87c5-47df-8867-a991c5ecc3f8', '2013-07-04 15:30:28', '2013-07-04 15:30:28', null, '47583', '104', '1'), ('39839a68-76c1-4fc5-8102-b50dbf8a306b', '102', null, null, '44cc27a5-af8b-412f-855a-57c8205d86f5', '45b7c719-2049-4a44-ad9c-09e858afc48b', '5b710fdf-ea7d-43f5-898c-78e0abe4e149', '2013-07-04 18:29:13', '2013-07-04 18:29:13', null, '1', '105', '1'), ('648c41a2-3c18-49b5-8889-6c8d19ac5976', '103', null, null, '44cc27a5-af8b-412f-855a-57c8205d86f5', '45b7c719-2049-4a44-ad9c-09e858afc48b', '08d1ce34-e097-4d71-bace-f134cc49af68', '2013-07-04 18:41:01', '2013-07-04 18:41:01', null, '1', '106', '1'), ('5e2dfa5a-3ca7-4937-a625-50c7b022d254', '104', null, null, '44cc27a5-af8b-412f-855a-57c8205d86f5', '45b7c719-2049-4a44-ad9c-09e858afc48b', '424a60b3-c49b-4c44-987e-e22937b8b44e', '2013-07-04 18:41:38', '2013-07-04 18:41:38', null, '1', '107', '1'), ('91322b64-6d67-41e4-8de6-664723d1790a', '105', null, null, '44cc27a5-af8b-412f-855a-57c8205d86f5', '45b7c719-2049-4a44-ad9c-09e858afc48b', 'd154a695-6c48-43ad-8874-f032cfd92b43', '2013-07-04 21:52:12', '2013-07-04 21:52:12', null, '1', '108', '1'), ('6bb31021-11fd-4e2d-8ec7-66d323914b96', '106', null, null, '44cc27a5-af8b-412f-855a-57c8205d86f5', '04ad5b05-c9a5-430f-8d5c-8483d5d904e4', 'e10ff617-3ecb-4274-a695-d9da80dd039e', '2013-08-02 10:16:23', '2013-08-02 10:16:23', null, '2', '109', '1'), ('1d38262c-d63e-4c73-b338-5fea46f5e6dc', '107', null, null, '44cc27a5-af8b-412f-855a-57c8205d86f5', '45b7c719-2049-4a44-ad9c-09e858afc48b', 'f88111ab-8026-401e-b0af-27c3b204ad41', '2013-08-05 04:19:58', '2013-08-05 04:19:58', null, '1', '110', '1'), ('449343a4-6343-4fcf-b939-cf96a442b30c', '108', null, null, '44cc27a5-af8b-412f-855a-57c8205d86f5', '04ad5b05-c9a5-430f-8d5c-8483d5d904e4', 'f88111ab-8026-401e-b0af-27c3b204ad41', '2013-08-05 04:19:58', '2013-08-05 04:19:58', null, '2', '110', '1'), ('ca6d7f5f-66fe-48a4-8850-215daeda2aca', '109', null, null, '44cc27a5-af8b-412f-855a-57c8205d86f5', '04ad5b05-c9a5-430f-8d5c-8483d5d904e4', 'b54b57c6-723f-457c-b9b9-7b0a9ef954b8', '2013-08-09 15:46:37', '2013-08-09 15:46:37', null, '2', '111', '1'), ('54d6a431-cb0a-4bb6-8bad-c0c836941c20', '110', null, null, '44cc27a5-af8b-412f-855a-57c8205d86f5', 'b984b960-4022-437c-bce5-98b74138f934', 'b54b57c6-723f-457c-b9b9-7b0a9ef954b8', '2013-08-09 15:46:37', '2013-08-09 15:46:37', null, '47583', '111', '1'), ('58364fef-da9e-4105-ae0b-df85fc741304', '111', null, null, '44cc27a5-af8b-412f-855a-57c8205d86f5', '45b7c719-2049-4a44-ad9c-09e858afc48b', '640e763b-ef94-4a4a-921f-52b5c5275f28', '2013-08-23 02:07:36', '2013-08-23 02:07:36', null, '1', '112', '1'), ('4ff246aa-00d9-47c2-bc9b-ff4378836cd2', '112', null, null, '44cc27a5-af8b-412f-855a-57c8205d86f5', '04ad5b05-c9a5-430f-8d5c-8483d5d904e4', '640e763b-ef94-4a4a-921f-52b5c5275f28', '2013-08-23 02:07:36', '2013-08-23 02:07:36', null, '2', '112', '1'), ('1fd66647-411c-41de-9fc7-2727fccc1fd9', '113', null, null, '44cc27a5-af8b-412f-855a-57c8205d86f5', '45b7c719-2049-4a44-ad9c-09e858afc48b', 'ad937ae6-a61a-4f34-b3d9-988539268136', '2013-08-31 11:32:22', '2013-08-31 11:32:22', null, '1', '113', '1'), ('1fafd584-5200-4009-b9c0-5f0bdf77a59a', '114', null, null, '44cc27a5-af8b-412f-855a-57c8205d86f5', 'b984b960-4022-437c-bce5-98b74138f934', 'ad937ae6-a61a-4f34-b3d9-988539268136', '2013-08-31 11:32:22', '2013-08-31 11:32:22', null, '47583', '113', '1'), ('086f0d40-6549-40e8-ae2a-89f2dfdb1344', '115', null, null, '44cc27a5-af8b-412f-855a-57c8205d86f5', '45b7c719-2049-4a44-ad9c-09e858afc48b', 'aa433f53-a5ac-4479-9814-7664c875f353', '2013-09-30 23:50:25', '2013-09-30 23:50:25', null, '1', '114', '1');
COMMIT;

-- ----------------------------
--  Table structure for `events`
-- ----------------------------
DROP TABLE IF EXISTS `events`;
CREATE TABLE `events` (
  `uid` varchar(255) COLLATE utf8_bin NOT NULL,
  `id` int(11) NOT NULL AUTO_INCREMENT,
  `name` varchar(255) COLLATE utf8_bin NOT NULL DEFAULT '',
  `dateTime` datetime DEFAULT NULL,
  `cronDaemonUid` varchar(255) COLLATE utf8_bin DEFAULT NULL,
  `clientUid` varchar(255) COLLATE utf8_bin NOT NULL DEFAULT '',
  `employeeUid` varchar(255) COLLATE utf8_bin NOT NULL DEFAULT '',
  `revisionUid` varchar(255) COLLATE utf8_bin NOT NULL DEFAULT '',
  `createdAt` datetime NOT NULL,
  `updatedAt` datetime NOT NULL,
  `deletedAt` datetime DEFAULT NULL,
  `clientId` int(11) NOT NULL DEFAULT '0',
  `employeeId` int(11) NOT NULL DEFAULT '0',
  `revisionId` int(11) NOT NULL DEFAULT '0',
  PRIMARY KEY (`id`),
  UNIQUE KEY `uid_UNIQUE` (`uid`),
  KEY `fk_events_employees1` (`employeeId`),
  KEY `fk_events_clients1` (`clientId`),
  KEY `fk_events_employees2` (`employeeUid`),
  KEY `fk_events_clients2` (`clientUid`),
  KEY `revisionId` (`revisionId`),
  KEY `revisionUid` (`revisionUid`),
  CONSTRAINT `events_ibfk_1` FOREIGN KEY (`revisionId`) REFERENCES `revisions` (`id`) ON DELETE CASCADE ON UPDATE CASCADE,
  CONSTRAINT `events_ibfk_2` FOREIGN KEY (`revisionUid`) REFERENCES `revisions` (`uid`) ON DELETE CASCADE ON UPDATE CASCADE,
  CONSTRAINT `fk_events_clients1` FOREIGN KEY (`clientId`) REFERENCES `clients` (`id`) ON DELETE CASCADE ON UPDATE CASCADE,
  CONSTRAINT `fk_events_clients2` FOREIGN KEY (`clientUid`) REFERENCES `clients` (`uid`) ON DELETE CASCADE ON UPDATE CASCADE,
  CONSTRAINT `fk_events_employees1` FOREIGN KEY (`employeeId`) REFERENCES `employees` (`id`) ON DELETE CASCADE ON UPDATE CASCADE,
  CONSTRAINT `fk_events_employees2` FOREIGN KEY (`employeeUid`) REFERENCES `employees` (`uid`) ON DELETE CASCADE ON UPDATE CASCADE
) ENGINE=InnoDB AUTO_INCREMENT=115 DEFAULT CHARSET=utf8 COLLATE=utf8_bin ROW_FORMAT=COMPACT;

-- ----------------------------
--  Records of `events`
-- ----------------------------
BEGIN;
INSERT INTO `events` VALUES ('fab98b6f-580a-4115-84a5-ef69c51e64a2', '90', 'Testsis', '2013-06-30 14:10:00', '555555', '44cc27a5-af8b-412f-855a-57c8205d86f5', '45b7c719-2049-4a44-ad9c-09e858afc48b', '8377354f-d348-4f66-a3dd-cae9278fd2b2', '2013-06-30 14:08:53', '2013-06-30 14:08:53', null, '1', '1', '40'), ('134c8630-c306-41ac-8197-8c913d31e2b5', '91', 'New Ex', '2013-06-30 15:06:00', '1cd843a4-67fe-4755-80f1-86d93eade278', '44cc27a5-af8b-412f-855a-57c8205d86f5', '45b7c719-2049-4a44-ad9c-09e858afc48b', '8377354f-d348-4f66-a3dd-cae9278fd2b2', '2013-06-30 15:05:24', '2013-06-30 15:05:24', null, '1', '1', '40'), ('9e6ee8a6-ebf6-4dcc-8716-ceb93ee05458', '92', 'Testing', '2013-07-01 12:48:00', '9edeb7f9-c239-4065-9fd0-93504d573f4c', '44cc27a5-af8b-412f-855a-57c8205d86f5', '45b7c719-2049-4a44-ad9c-09e858afc48b', '8377354f-d348-4f66-a3dd-cae9278fd2b2', '2013-07-01 12:48:00', '2013-07-01 12:48:00', null, '1', '1', '40'), ('f19d942a-b2cc-401b-878f-baf736357641', '93', 'Test11', '2013-07-01 12:50:00', '9edeb7f9-c239-4065-9fd0-93504d573f4c', '44cc27a5-af8b-412f-855a-57c8205d86f5', '45b7c719-2049-4a44-ad9c-09e858afc48b', '8377354f-d348-4f66-a3dd-cae9278fd2b2', '2013-07-01 12:49:30', '2013-07-01 12:49:30', null, '1', '1', '40'), ('c0b1c0ad-cd45-4069-8fe0-793105738017', '94', 'Delas', '2013-07-01 12:51:00', 'fec936fd-728c-4c0a-ba11-9a3087bc9a35', '44cc27a5-af8b-412f-855a-57c8205d86f5', '45b7c719-2049-4a44-ad9c-09e858afc48b', '8377354f-d348-4f66-a3dd-cae9278fd2b2', '2013-07-01 12:50:31', '2013-07-01 12:50:31', null, '1', '1', '40'), ('b35bb422-2b23-4eb8-85a0-9e094893247d', '95', 'Nemisoz', '2013-07-01 12:32:00', 'fec936fd-728c-4c0a-ba11-9a3087bc9a35', '44cc27a5-af8b-412f-855a-57c8205d86f5', '45b7c719-2049-4a44-ad9c-09e858afc48b', '8377354f-d348-4f66-a3dd-cae9278fd2b2', '2013-07-01 12:51:43', '2013-07-01 12:51:43', null, '1', '1', '40'), ('196062a0-483c-4aec-bc8a-263770c3b78c', '96', 'Test With URL', '2013-07-01 12:59:00', 'e6a0f166-7c39-45d1-9991-802b3f90916c', '44cc27a5-af8b-412f-855a-57c8205d86f5', '45b7c719-2049-4a44-ad9c-09e858afc48b', '8377354f-d348-4f66-a3dd-cae9278fd2b2', '2013-07-01 12:59:27', '2013-07-01 12:59:27', null, '1', '1', '40'), ('411b7b0f-c1db-444a-af92-2b21d17d79aa', '97', 'First emailed message', '2013-07-01 12:59:00', '8d973baf-9ac1-4d5a-8c8f-d081c1c76f6c', '44cc27a5-af8b-412f-855a-57c8205d86f5', '45b7c719-2049-4a44-ad9c-09e858afc48b', '8377354f-d348-4f66-a3dd-cae9278fd2b2', '2013-07-01 13:08:07', '2013-07-01 13:08:07', null, '1', '1', '40'), ('befc58b2-e784-498a-80e2-6bd21beb5419', '98', 'Casey Tes', '2013-07-01 13:23:00', '8d973baf-9ac1-4d5a-8c8f-d081c1c76f6c', '44cc27a5-af8b-412f-855a-57c8205d86f5', '45b7c719-2049-4a44-ad9c-09e858afc48b', '8377354f-d348-4f66-a3dd-cae9278fd2b2', '2013-07-01 13:23:54', '2013-07-01 13:23:54', null, '1', '1', '40'), ('99decc52-68e1-4cd5-90aa-3cbd9aa0d0fd', '99', 'Peter Piper Likes Milkshakes', '2013-07-01 13:23:00', 'db60a292-b2cc-4f54-a0b0-117cbc23de37', '44cc27a5-af8b-412f-855a-57c8205d86f5', '45b7c719-2049-4a44-ad9c-09e858afc48b', '8377354f-d348-4f66-a3dd-cae9278fd2b2', '2013-07-01 13:25:40', '2013-07-01 13:25:40', null, '1', '1', '40'), ('9dc3eb92-3c9f-460c-812a-895c9733368b', '100', 'Testing 2 People with a strange name #$@)*$', '2013-07-01 13:23:00', 'a7bac33a-cd83-4419-964b-fdab3919f505', '44cc27a5-af8b-412f-855a-57c8205d86f5', '45b7c719-2049-4a44-ad9c-09e858afc48b', '8377354f-d348-4f66-a3dd-cae9278fd2b2', '2013-07-01 13:27:04', '2013-07-01 13:27:04', null, '1', '1', '40'), ('e5bff602-b5d9-437f-ab8d-8e99f37289af', '101', 'Didisis', '2013-07-01 17:01:00', '6f4a4ca6-50f6-41da-8711-b2583b05a254', '44cc27a5-af8b-412f-855a-57c8205d86f5', '45b7c719-2049-4a44-ad9c-09e858afc48b', '8377354f-d348-4f66-a3dd-cae9278fd2b2', '2013-07-01 17:01:42', '2013-07-01 17:01:42', null, '1', '1', '40'), ('cc5173cb-fcf9-4d75-9da4-467f2da815ee', '102', 'Testing', '2013-07-03 14:50:00', '430f6690-dd58-4eda-b86a-291d7df35372', '44cc27a5-af8b-412f-855a-57c8205d86f5', '45b7c719-2049-4a44-ad9c-09e858afc48b', '8377354f-d348-4f66-a3dd-cae9278fd2b2', '2013-07-03 14:48:47', '2013-07-03 14:48:47', null, '1', '1', '40'), ('a1afa4f2-4634-4f86-b026-2df3a1fb5a40', '103', 'KDIDIS', '2013-07-03 16:20:00', '1ff5e7d2-024b-4233-a540-05e31d0e261e', '44cc27a5-af8b-412f-855a-57c8205d86f5', '45b7c719-2049-4a44-ad9c-09e858afc48b', '598aaeb7-eeba-48a9-a17f-6fff015a8587', '2013-07-03 16:17:52', '2013-07-03 16:17:52', null, '1', '1', '41'), ('fc7df6e8-87c5-47df-8867-a991c5ecc3f8', '104', 'Future Quiz Test', '2013-07-05 15:07:00', 'd299cc12-bf80-4a27-a418-607d074bd9b1', '44cc27a5-af8b-412f-855a-57c8205d86f5', '45b7c719-2049-4a44-ad9c-09e858afc48b', '8377354f-d348-4f66-a3dd-cae9278fd2b2', '2013-07-04 15:30:28', '2013-07-04 15:30:28', null, '1', '1', '40'), ('5b710fdf-ea7d-43f5-898c-78e0abe4e149', '105', 'Test Upcoming', '2013-07-04 18:31:00', '1b89384a-1fb6-40fb-b5ab-12a8165a2287', '44cc27a5-af8b-412f-855a-57c8205d86f5', '45b7c719-2049-4a44-ad9c-09e858afc48b', '598aaeb7-eeba-48a9-a17f-6fff015a8587', '2013-07-04 18:29:13', '2013-07-04 18:29:13', null, '1', '1', '41'), ('08d1ce34-e097-4d71-bace-f134cc49af68', '106', 'Full Exahsize', '2013-07-04 18:41:00', '077d9f8b-bdad-4409-af74-958fbf851664', '44cc27a5-af8b-412f-855a-57c8205d86f5', '45b7c719-2049-4a44-ad9c-09e858afc48b', '598aaeb7-eeba-48a9-a17f-6fff015a8587', '2013-07-04 18:41:01', '2013-07-04 18:41:01', null, '1', '1', '41'), ('424a60b3-c49b-4c44-987e-e22937b8b44e', '107', 'Exicos', '2013-07-04 18:45:00', '91baa7ac-ceb9-4c78-ab6d-945bc3ef5e05', '44cc27a5-af8b-412f-855a-57c8205d86f5', '45b7c719-2049-4a44-ad9c-09e858afc48b', '8377354f-d348-4f66-a3dd-cae9278fd2b2', '2013-07-04 18:41:38', '2013-07-04 18:41:38', null, '1', '1', '40'), ('d154a695-6c48-43ad-8874-f032cfd92b43', '108', 'FullExis', '2013-07-04 21:52:00', 'd5872c0c-ab9f-4eb1-8b18-692aff022b09', '44cc27a5-af8b-412f-855a-57c8205d86f5', '45b7c719-2049-4a44-ad9c-09e858afc48b', '8377354f-d348-4f66-a3dd-cae9278fd2b2', '2013-07-04 21:52:12', '2013-07-04 21:52:12', null, '1', '1', '40'), ('e10ff617-3ecb-4274-a695-d9da80dd039e', '109', 'Today', '2013-08-02 13:15:00', null, '44cc27a5-af8b-412f-855a-57c8205d86f5', '04ad5b05-c9a5-430f-8d5c-8483d5d904e4', '833ed961-1c60-4853-b082-bdc436f73bef', '2013-08-02 10:16:23', '2013-08-02 10:16:23', null, '1', '2', '43'), ('f88111ab-8026-401e-b0af-27c3b204ad41', '110', 'hhhhhh', '2013-08-13 18:02:00', null, '44cc27a5-af8b-412f-855a-57c8205d86f5', '04ad5b05-c9a5-430f-8d5c-8483d5d904e4', '598aaeb7-eeba-48a9-a17f-6fff015a8587', '2013-08-05 04:19:58', '2013-08-05 04:19:58', null, '1', '2', '41'), ('b54b57c6-723f-457c-b9b9-7b0a9ef954b8', '111', 'hgkgku', '2013-08-23 00:13:00', null, '44cc27a5-af8b-412f-855a-57c8205d86f5', '45b7c719-2049-4a44-ad9c-09e858afc48b', 'a50ec1f6-9f3c-4ee7-95a0-0895e0f1a86d', '2013-08-09 15:46:36', '2013-08-09 15:46:36', null, '1', '1', '44'), ('640e763b-ef94-4a4a-921f-52b5c5275f28', '112', 'Dkdidid', '2013-08-23 06:14:00', null, '44cc27a5-af8b-412f-855a-57c8205d86f5', '45b7c719-2049-4a44-ad9c-09e858afc48b', 'c3c33669-68ad-4bc7-97df-222bfad7fabb', '2013-08-23 02:07:36', '2013-08-23 02:07:36', null, '1', '1', '42'), ('ad937ae6-a61a-4f34-b3d9-988539268136', '113', 'dsfasdf', '2013-08-31 11:38:00', null, '44cc27a5-af8b-412f-855a-57c8205d86f5', '45b7c719-2049-4a44-ad9c-09e858afc48b', 'eb743430-9e8b-4d9d-abb6-7880a4bc9374', '2013-08-31 11:32:22', '2013-08-31 11:32:22', null, '1', '1', '47'), ('aa433f53-a5ac-4479-9814-7664c875f353', '114', 'awasdf', '2013-09-30 23:51:00', null, '44cc27a5-af8b-412f-855a-57c8205d86f5', '45b7c719-2049-4a44-ad9c-09e858afc48b', '598aaeb7-eeba-48a9-a17f-6fff015a8587', '2013-09-30 23:50:25', '2013-09-30 23:50:25', null, '1', '1', '41');
COMMIT;

-- ----------------------------
--  Table structure for `fieldCorrectDictionaryItems`
-- ----------------------------
DROP TABLE IF EXISTS `fieldCorrectDictionaryItems`;
CREATE TABLE `fieldCorrectDictionaryItems` (
  `uid` varchar(255) COLLATE utf8_bin NOT NULL,
  `id` int(11) NOT NULL AUTO_INCREMENT,
  `clientUid` varchar(255) COLLATE utf8_bin NOT NULL,
  `fieldUid` varchar(255) COLLATE utf8_bin NOT NULL,
  `dictionaryItemUid` varchar(255) COLLATE utf8_bin NOT NULL,
  `createdAt` datetime NOT NULL,
  `updatedAt` datetime NOT NULL,
  `deletedAt` datetime DEFAULT NULL,
  `clientId` int(11) NOT NULL,
  `fieldId` int(11) NOT NULL,
  `dictionaryItemId` int(11) NOT NULL,
  PRIMARY KEY (`id`),
  UNIQUE KEY `uid_UNIQUE` (`uid`),
  UNIQUE KEY `index9` (`fieldId`,`dictionaryItemId`,`dictionaryItemUid`,`fieldUid`),
  KEY `fk_fieldCorrectDictionaryItems_clients1` (`clientId`),
  KEY `fk_fieldCorrectDictionaryItems_clients2` (`clientUid`),
  KEY `fk_fieldCorrectDictionaryItems_fields1` (`fieldUid`),
  KEY `fk_fieldCorrectDictionaryItems_fields2` (`fieldId`),
  KEY `fk_fieldCorrectDictionaryItems_dictionaryItems1` (`dictionaryItemId`),
  KEY `fk_fieldCorrectDictionaryItems_dictionaryItems2` (`dictionaryItemUid`),
  CONSTRAINT `fk_fieldCorrectDictionaryItems_clients1` FOREIGN KEY (`clientId`) REFERENCES `clients` (`id`) ON DELETE NO ACTION ON UPDATE NO ACTION,
  CONSTRAINT `fk_fieldCorrectDictionaryItems_clients2` FOREIGN KEY (`clientUid`) REFERENCES `clients` (`uid`) ON DELETE NO ACTION ON UPDATE NO ACTION,
  CONSTRAINT `fk_fieldCorrectDictionaryItems_dictionaryItems1` FOREIGN KEY (`dictionaryItemId`) REFERENCES `dictionaryItems` (`id`) ON DELETE NO ACTION ON UPDATE NO ACTION,
  CONSTRAINT `fk_fieldCorrectDictionaryItems_dictionaryItems2` FOREIGN KEY (`dictionaryItemUid`) REFERENCES `dictionaryItems` (`uid`) ON DELETE NO ACTION ON UPDATE NO ACTION,
  CONSTRAINT `fk_fieldCorrectDictionaryItems_fields1` FOREIGN KEY (`fieldUid`) REFERENCES `fields` (`uid`) ON DELETE NO ACTION ON UPDATE NO ACTION,
  CONSTRAINT `fk_fieldCorrectDictionaryItems_fields2` FOREIGN KEY (`fieldId`) REFERENCES `fields` (`id`) ON DELETE NO ACTION ON UPDATE NO ACTION
) ENGINE=InnoDB DEFAULT CHARSET=utf8 COLLATE=utf8_bin ROW_FORMAT=COMPACT;

-- ----------------------------
--  Table structure for `fields`
-- ----------------------------
DROP TABLE IF EXISTS `fields`;
CREATE TABLE `fields` (
  `uid` varchar(255) COLLATE utf8_bin NOT NULL,
  `id` int(11) NOT NULL AUTO_INCREMENT,
  `name` varchar(255) COLLATE utf8_bin DEFAULT NULL,
  `type` enum('openResponse','selectIndividual','selectMultiple','yesNo','slider') COLLATE utf8_bin NOT NULL,
  `ordinal` int(11) NOT NULL DEFAULT '0',
  `multiSelectCorrectRequirement` enum('any','all') COLLATE utf8_bin NOT NULL,
  `percentageSliderLeft` varchar(255) COLLATE utf8_bin DEFAULT NULL,
  `percentageSliderRight` varchar(255) COLLATE utf8_bin DEFAULT NULL,
  `openResponseMinLength` int(10) unsigned DEFAULT NULL,
  `openResponseMaxLength` int(10) unsigned DEFAULT NULL,
  `clientUid` varchar(255) COLLATE utf8_bin NOT NULL DEFAULT '',
  `groupUid` varchar(255) COLLATE utf8_bin NOT NULL DEFAULT '',
  `dictionaryUid` varchar(255) COLLATE utf8_bin DEFAULT NULL,
  `createdAt` datetime NOT NULL,
  `updatedAt` datetime NOT NULL,
  `deletedAt` datetime DEFAULT NULL,
  `clientId` int(11) NOT NULL DEFAULT '0',
  `groupId` int(11) NOT NULL DEFAULT '0',
  `dictionaryId` int(11) DEFAULT NULL,
  PRIMARY KEY (`id`),
  UNIQUE KEY `uid_UNIQUE` (`uid`),
  KEY `fk_fields_groups1` (`groupId`),
  KEY `fk_fields_clients1` (`clientId`),
  KEY `fk_fields_groups2` (`groupUid`),
  KEY `fk_fields_clients2` (`clientUid`),
  KEY `fk_fields_dictionaries1` (`dictionaryId`),
  KEY `fk_fields_dictionaries2` (`dictionaryUid`),
  CONSTRAINT `fk_fields_clients1` FOREIGN KEY (`clientId`) REFERENCES `clients` (`id`) ON DELETE CASCADE ON UPDATE CASCADE,
  CONSTRAINT `fk_fields_clients2` FOREIGN KEY (`clientUid`) REFERENCES `clients` (`uid`) ON DELETE CASCADE ON UPDATE CASCADE,
  CONSTRAINT `fk_fields_dictionaries1` FOREIGN KEY (`dictionaryId`) REFERENCES `dictionaries` (`id`) ON DELETE NO ACTION ON UPDATE NO ACTION,
  CONSTRAINT `fk_fields_dictionaries2` FOREIGN KEY (`dictionaryUid`) REFERENCES `dictionaries` (`uid`) ON DELETE NO ACTION ON UPDATE NO ACTION,
  CONSTRAINT `fk_fields_groups1` FOREIGN KEY (`groupId`) REFERENCES `groups` (`id`) ON DELETE CASCADE ON UPDATE CASCADE,
  CONSTRAINT `fk_fields_groups2` FOREIGN KEY (`groupUid`) REFERENCES `groups` (`uid`) ON DELETE CASCADE ON UPDATE CASCADE
) ENGINE=InnoDB AUTO_INCREMENT=30 DEFAULT CHARSET=utf8 COLLATE=utf8_bin ROW_FORMAT=COMPACT;

-- ----------------------------
--  Records of `fields`
-- ----------------------------
BEGIN;
INSERT INTO `fields` VALUES ('5c2160df-b51f-4d73-8dde-3a3bc69c145b', '1', 'test name', 'openResponse', '0', 'any', null, null, null, null, '44cc27a5-af8b-412f-855a-57c8205d86f5', 'fc7c32e1-3415-4ee8-b561-0256693d4c46', null, '2013-05-07 00:10:36', '2013-05-07 00:10:36', null, '1', '26', null), ('9069caf7-1e5c-4343-a09c-fdcffd2085f5', '2', 'test new field', 'openResponse', '0', 'any', null, null, null, null, '44cc27a5-af8b-412f-855a-57c8205d86f5', 'fc7c32e1-3415-4ee8-b561-0256693d4c46', null, '2013-05-07 00:12:29', '2013-05-07 00:12:29', null, '1', '26', null), ('fa540ec5-a0ce-4179-b080-8b2c5df6f28b', '3', 'open response question', 'openResponse', '0', 'any', null, null, null, null, '44cc27a5-af8b-412f-855a-57c8205d86f5', 'fc7c32e1-3415-4ee8-b561-0256693d4c46', null, '2013-05-07 00:21:58', '2013-05-07 00:21:58', null, '1', '26', null), ('a7302ec0-8e47-478c-bb3a-3cd6f7cb83ec', '4', 'Question 1', 'openResponse', '1', 'any', null, null, null, null, '44cc27a5-af8b-412f-855a-57c8205d86f5', '4e7540b5-a45f-4cd4-a08f-d691d871b33e', null, '2013-05-07 00:39:36', '2013-05-20 02:34:07', null, '1', '11', null), ('6af7fc7f-736d-4396-891f-d4e8a93e1e28', '5', 'Second Open Response', 'openResponse', '1', 'any', null, null, null, null, '44cc27a5-af8b-412f-855a-57c8205d86f5', 'f92a0b84-a708-4ce4-affa-212e8eecd263', null, '2013-05-07 00:58:46', '2013-05-20 02:34:40', null, '1', '27', null), ('de5bb6c2-aa39-4bda-836d-dda758c87763', '6', 'NEIN NEIN NEIN', 'openResponse', '0', 'any', null, null, null, null, '44cc27a5-af8b-412f-855a-57c8205d86f5', 'f92a0b84-a708-4ce4-affa-212e8eecd263', null, '2013-05-07 01:02:27', '2013-05-20 02:34:38', null, '1', '27', null), ('00892107-b0a8-4b62-8363-b8a4922736f1', '7', 'welcome 123', 'openResponse', '3', 'any', null, null, null, null, '44cc27a5-af8b-412f-855a-57c8205d86f5', '4e7540b5-a45f-4cd4-a08f-d691d871b33e', null, '2013-05-07 01:16:05', '2013-05-20 02:34:11', null, '1', '11', null), ('144bc5b1-8d4b-4b16-8804-a73af9c56086', '8', 'New Question', 'openResponse', '2', 'any', null, null, null, null, '44cc27a5-af8b-412f-855a-57c8205d86f5', '4e7540b5-a45f-4cd4-a08f-d691d871b33e', null, '2013-05-07 01:22:20', '2013-05-20 02:34:09', null, '1', '11', null), ('43bef3de-c48e-4dcd-a096-4ebed30e4154', '9', 'Open Response', 'openResponse', '1', 'any', null, null, null, null, '44cc27a5-af8b-412f-855a-57c8205d86f5', 'c49d8400-a745-42aa-b166-0a9bb7320974', null, '2013-05-07 18:05:50', '2013-06-05 20:36:36', null, '1', '30', null), ('72e39d49-f4ae-4c92-b061-d7e9b8cc5588', '10', 'Renamed Field234', 'openResponse', '2', 'any', null, null, null, null, '44cc27a5-af8b-412f-855a-57c8205d86f5', 'c49d8400-a745-42aa-b166-0a9bb7320974', null, '2013-05-07 18:06:39', '2013-06-05 20:36:36', null, '1', '30', null), ('29693c01-aebc-4c48-be47-bad0c4655959', '11', 'Open Reponse A1', 'openResponse', '0', 'any', null, null, null, null, '44cc27a5-af8b-412f-855a-57c8205d86f5', '4e7540b5-a45f-4cd4-a08f-d691d871b33e', null, '2013-05-08 02:28:00', '2013-05-08 02:31:09', null, '1', '11', null), ('117511d6-3935-4175-8fc1-af8101a7315d', '12', 'fgdsfgdsfdsg', 'openResponse', '1', 'any', null, null, null, null, '44cc27a5-af8b-412f-855a-57c8205d86f5', '80d31b12-b16c-4ffe-bbbd-3d46f0e5bdf7', null, '2013-05-17 18:42:14', '2013-05-20 01:03:29', null, '1', '29', null), ('c1442561-0beb-41ac-94f0-e84397f1a9b8', '13', 'test5', 'slider', '0', 'any', null, null, null, null, '44cc27a5-af8b-412f-855a-57c8205d86f5', '25a9f290-8d82-4efd-8caa-d991feede182', null, '2013-05-19 23:27:40', '2013-05-19 23:27:40', null, '1', '1', null), ('0ad62bd5-1e83-409b-84c0-65ce3c1f572b', '14', 'Percentage', 'slider', '2', 'any', 'LEFT V1', 'RIGHT V1', null, null, '44cc27a5-af8b-412f-855a-57c8205d86f5', '80d31b12-b16c-4ffe-bbbd-3d46f0e5bdf7', null, '2013-05-19 23:31:37', '2013-05-20 00:55:23', null, '1', '29', null), ('4af787d5-e029-4719-b10e-7d9421c85a6a', '15', 'Pslide 101', 'slider', '0', 'any', 'Super Lame', 'Super Cool', null, null, '44cc27a5-af8b-412f-855a-57c8205d86f5', '80d31b12-b16c-4ffe-bbbd-3d46f0e5bdf7', null, '2013-05-20 00:55:13', '2013-05-20 01:03:29', null, '1', '29', null), ('37cf5c34-17a3-45a7-8989-8d9086048517', '16', 'asdfasdfasdf', 'selectIndividual', '0', 'any', null, null, null, null, '44cc27a5-af8b-412f-855a-57c8205d86f5', 'c49d8400-a745-42aa-b166-0a9bb7320974', '3b5c6c5b-ca10-4c96-a9e3-82cfa15e258c', '2013-05-20 01:37:10', '2013-06-05 20:36:36', null, '1', '30', null), ('3bef3015-722b-498a-a57c-70ac93860b22', '17', 'testing 123', 'slider', '0', 'any', 'aaaa', 'sddsf', null, null, '44cc27a5-af8b-412f-855a-57c8205d86f5', '222b3875-0bd5-4337-b64b-c467b6876983', null, '2013-05-20 01:46:22', '2013-05-20 01:46:22', null, '1', '31', null), ('ad378f66-7ffc-4fb9-ab20-4b9cf2fc5db8', '18', 'sdfasdfa', 'slider', '0', 'any', 'asdfasdf', 'asdfasdf', null, null, '44cc27a5-af8b-412f-855a-57c8205d86f5', '17ae5b57-1982-4b26-a83a-ac22e7b78922', null, '2013-05-20 01:52:36', '2013-05-20 01:52:36', null, '1', '32', null), ('088957aa-8bfd-4ce4-8bc5-3ecb11d2e93a', '19', 'First Field', 'openResponse', '2', 'any', null, null, null, null, '44cc27a5-af8b-412f-855a-57c8205d86f5', 'e88aa9ef-0b4a-49b8-8039-8042c6dbc511', null, '2013-06-01 17:14:24', '2013-06-08 17:15:43', null, '1', '35', null), ('41db501e-7e42-4de9-b6dd-f3e80f35042f', '20', 'Second Field', 'openResponse', '4', 'any', null, null, null, null, '44cc27a5-af8b-412f-855a-57c8205d86f5', 'e88aa9ef-0b4a-49b8-8039-8042c6dbc511', null, '2013-06-01 17:14:33', '2013-06-08 17:15:43', null, '1', '35', null), ('d5b93bd3-5b06-4212-844b-17e49473939b', '21', 'Select Individual Field', 'selectIndividual', '3', 'any', null, null, null, null, '44cc27a5-af8b-412f-855a-57c8205d86f5', 'e88aa9ef-0b4a-49b8-8039-8042c6dbc511', '42901aba-c28a-43a9-8080-6f9d383a3644', '2013-06-05 20:57:41', '2013-06-08 17:15:43', null, '1', '35', '1'), ('2a3eb0aa-29da-41f1-bd43-ccadad1ac017', '22', 'TestMinMaxLen', 'openResponse', '0', 'any', null, null, '0', '100', '44cc27a5-af8b-412f-855a-57c8205d86f5', 'fc7c32e1-3415-4ee8-b561-0256693d4c46', null, '2013-06-08 16:56:08', '2013-06-08 16:56:08', null, '1', '26', null), ('2bcae1da-cffd-48ea-b045-a9db9e5a80c0', '23', 'Open Response MaxMin', 'openResponse', '1', 'any', null, null, '0', '1000', '44cc27a5-af8b-412f-855a-57c8205d86f5', 'e88aa9ef-0b4a-49b8-8039-8042c6dbc511', null, '2013-06-08 17:15:00', '2013-06-08 17:15:43', null, '1', '35', null), ('c7319036-104e-479c-b58f-da574f91d90d', '24', 'Second Play', 'openResponse', '0', 'any', null, null, '0', '10', '44cc27a5-af8b-412f-855a-57c8205d86f5', 'e88aa9ef-0b4a-49b8-8039-8042c6dbc511', null, '2013-06-08 17:15:38', '2013-06-08 17:15:38', null, '1', '35', null), ('babd6d88-ff68-4d57-980c-28445f2a1c0f', '25', 'Field One', 'openResponse', '0', 'any', null, null, '5', '100', '44cc27a5-af8b-412f-855a-57c8205d86f5', '806e5574-0fe2-45e1-8417-8a1ad773398e', null, '2013-06-09 02:33:27', '2013-06-09 02:33:27', null, '1', '51', null), ('cf7b32c1-346c-4396-9af7-aa1be7c575fc', '26', 'Tesis', 'openResponse', '0', 'any', null, null, '43434', '23423', '44cc27a5-af8b-412f-855a-57c8205d86f5', '806e5574-0fe2-45e1-8417-8a1ad773398e', null, '2013-06-29 20:36:17', '2013-06-29 20:36:17', null, '1', '51', null), ('f02da753-a788-4e6f-bf72-391e716737a3', '27', 'dddddd', 'selectIndividual', '0', 'any', null, null, '0', '100', '44cc27a5-af8b-412f-855a-57c8205d86f5', '806e5574-0fe2-45e1-8417-8a1ad773398e', '42901aba-c28a-43a9-8080-6f9d383a3644', '2013-06-29 20:36:46', '2013-06-29 20:36:46', null, '1', '51', '1'), ('58eb7987-303c-4d26-8fdb-dbc0aee283f1', '28', 'Open Response Question 1A', 'openResponse', '0', 'any', null, null, '1', '100', '44cc27a5-af8b-412f-855a-57c8205d86f5', '806e5574-0fe2-45e1-8417-8a1ad773398e', null, '2013-07-01 13:29:43', '2013-07-01 13:29:43', null, '1', '51', null), ('e6cc94ae-0bbb-4c19-85fe-fc9c4efa5848', '29', 'OPEN RESPONSE QUESTION', 'openResponse', '0', 'any', null, null, '1111', '3423', '44cc27a5-af8b-412f-855a-57c8205d86f5', '5f253374-42bf-42d7-9def-f091a6ad621c', null, '2013-07-02 20:03:48', '2013-07-02 20:03:48', null, '1', '53', null);
COMMIT;

-- ----------------------------
--  Table structure for `groups`
-- ----------------------------
DROP TABLE IF EXISTS `groups`;
CREATE TABLE `groups` (
  `uid` varchar(255) COLLATE utf8_bin NOT NULL,
  `id` int(11) NOT NULL AUTO_INCREMENT,
  `name` varchar(255) COLLATE utf8_bin NOT NULL DEFAULT '',
  `ordinal` int(11) NOT NULL DEFAULT '0',
  `description` text COLLATE utf8_bin NOT NULL,
  `clientUid` varchar(255) COLLATE utf8_bin NOT NULL DEFAULT '',
  `revisionUid` varchar(255) COLLATE utf8_bin NOT NULL DEFAULT '',
  `createdAt` datetime NOT NULL,
  `updatedAt` datetime NOT NULL,
  `deletedAt` datetime DEFAULT NULL,
  `clientId` int(11) NOT NULL DEFAULT '0',
  `revisionId` int(11) NOT NULL DEFAULT '0',
  PRIMARY KEY (`id`),
  UNIQUE KEY `uid_UNIQUE` (`uid`),
  KEY `fk_groups_revisions1` (`revisionId`),
  KEY `fk_groups_clients1` (`clientId`),
  KEY `fk_groups_revisions2` (`revisionUid`),
  KEY `fk_groups_clients2` (`clientUid`),
  CONSTRAINT `fk_groups_clients1` FOREIGN KEY (`clientId`) REFERENCES `clients` (`id`) ON DELETE CASCADE ON UPDATE CASCADE,
  CONSTRAINT `fk_groups_clients2` FOREIGN KEY (`clientUid`) REFERENCES `clients` (`uid`) ON DELETE CASCADE ON UPDATE CASCADE,
  CONSTRAINT `fk_groups_revisions1` FOREIGN KEY (`revisionId`) REFERENCES `revisions` (`id`) ON DELETE CASCADE ON UPDATE CASCADE,
  CONSTRAINT `fk_groups_revisions2` FOREIGN KEY (`revisionUid`) REFERENCES `revisions` (`uid`) ON DELETE CASCADE ON UPDATE CASCADE
) ENGINE=InnoDB AUTO_INCREMENT=62 DEFAULT CHARSET=utf8 COLLATE=utf8_bin ROW_FORMAT=COMPACT;

-- ----------------------------
--  Records of `groups`
-- ----------------------------
BEGIN;
INSERT INTO `groups` VALUES ('806e5574-0fe2-45e1-8417-8a1ad773398e', '51', 'First Exercise Group', '0', '', '44cc27a5-af8b-412f-855a-57c8205d86f5', '8377354f-d348-4f66-a3dd-cae9278fd2b2', '2013-06-08 22:34:37', '2013-07-01 17:24:50', null, '1', '40'), ('99ea7b73-fe7b-4815-9ef0-288bb94cbeef', '52', 'First Exerc', '1', '', '44cc27a5-af8b-412f-855a-57c8205d86f5', '598aaeb7-eeba-48a9-a17f-6fff015a8587', '2013-07-01 18:21:13', '2013-08-28 23:22:39', null, '1', '41'), ('5f253374-42bf-42d7-9def-f091a6ad621c', '53', 'G1234', '0', '', '44cc27a5-af8b-412f-855a-57c8205d86f5', '598aaeb7-eeba-48a9-a17f-6fff015a8587', '2013-07-02 19:56:48', '2013-08-28 23:22:39', null, '1', '41'), ('712e6fb8-2c37-42e8-b660-7505b981b3aa', '54', 'First Exercise Group', '0', '', '44cc27a5-af8b-412f-855a-57c8205d86f5', 'c3c33669-68ad-4bc7-97df-222bfad7fabb', '2013-07-16 20:50:58', '2013-07-16 20:50:58', null, '1', '42'), ('a82bf9d1-e609-4490-8354-924b68f6861a', '55', 'First Exercise Group', '0', '', '44cc27a5-af8b-412f-855a-57c8205d86f5', '833ed961-1c60-4853-b082-bdc436f73bef', '2013-08-01 08:10:15', '2013-08-01 08:10:15', null, '1', '43'), ('d9368c73-9c84-4d73-85d6-ab8bf14ce693', '56', 'First Exercise Group', '0', '', '44cc27a5-af8b-412f-855a-57c8205d86f5', 'a50ec1f6-9f3c-4ee7-95a0-0895e0f1a86d', '2013-08-02 01:50:53', '2013-08-02 01:50:53', null, '1', '44'), ('f1bb69f2-7a27-4255-8f69-0791fba91211', '57', 'First Exercise Group', '0', '', '44cc27a5-af8b-412f-855a-57c8205d86f5', '80ef343c-630e-422b-b4a1-3c0b1b998417', '2013-08-02 01:51:27', '2013-08-02 01:51:27', null, '1', '45'), ('ce9d5d32-534b-4193-825b-407663eb2d02', '58', 'First Exercise Group', '0', '', '44cc27a5-af8b-412f-855a-57c8205d86f5', 'b1cc08a7-0ef9-4e36-a803-fb865ae764b2', '2013-08-02 16:08:45', '2013-08-02 16:08:45', null, '1', '46'), ('2f67e8fd-5bd9-401c-802f-9a5619792ea2', '59', 'First Exercise Group', '0', '', '44cc27a5-af8b-412f-855a-57c8205d86f5', 'eb743430-9e8b-4d9d-abb6-7880a4bc9374', '2013-08-04 14:44:38', '2013-08-04 14:44:38', null, '1', '47'), ('5de992c8-f18d-449c-8f35-de6b0e4c2aea', '60', 'After Action Report', '0', '', '44cc27a5-af8b-412f-855a-57c8205d86f5', '95c3d2d2-7ad9-4942-9602-26b7413d152e', '2013-08-31 19:58:30', '2013-09-23 18:58:02', null, '1', '48'), ('9f61d926-702b-4f8f-ad37-44402b380cb1', '61', 'First Exercise Group', '0', '', '44cc27a5-af8b-412f-855a-57c8205d86f5', '423d53b2-9f17-48ea-a113-d844d9afdead', '2013-10-01 00:48:04', '2013-10-01 00:48:04', null, '1', '49');
COMMIT;

-- ----------------------------
--  Table structure for `revisions`
-- ----------------------------
DROP TABLE IF EXISTS `revisions`;
CREATE TABLE `revisions` (
  `uid` varchar(255) COLLATE utf8_bin NOT NULL,
  `id` int(11) NOT NULL AUTO_INCREMENT,
  `changeSummary` text COLLATE utf8_bin,
  `scope` text COLLATE utf8_bin,
  `finalized` tinyint(3) NOT NULL,
  `clientUid` varchar(255) COLLATE utf8_bin NOT NULL DEFAULT '',
  `templateUid` varchar(255) COLLATE utf8_bin NOT NULL DEFAULT '',
  `employeeUid` varchar(255) COLLATE utf8_bin NOT NULL DEFAULT '',
  `createdAt` datetime NOT NULL,
  `updatedAt` datetime NOT NULL,
  `deletedAt` datetime DEFAULT NULL,
  `clientId` int(11) NOT NULL DEFAULT '0',
  `employeeId` int(11) NOT NULL DEFAULT '0',
  `templateId` int(11) NOT NULL DEFAULT '0',
  PRIMARY KEY (`id`),
  UNIQUE KEY `uid_UNIQUE` (`uid`),
  KEY `fk_revisions_templates1` (`templateId`),
  KEY `fk_revisions_employees1` (`employeeId`),
  KEY `fk_revisions_employees2` (`employeeUid`),
  KEY `fk_revisions_templates2` (`templateUid`),
  KEY `fk_revisions_clients2` (`clientUid`),
  KEY `clientId` (`clientId`),
  CONSTRAINT `fk_revisions_clients2` FOREIGN KEY (`clientUid`) REFERENCES `clients` (`uid`) ON DELETE CASCADE ON UPDATE CASCADE,
  CONSTRAINT `fk_revisions_employees1` FOREIGN KEY (`employeeId`) REFERENCES `employees` (`id`) ON DELETE CASCADE ON UPDATE CASCADE,
  CONSTRAINT `fk_revisions_employees2` FOREIGN KEY (`employeeUid`) REFERENCES `employees` (`uid`) ON DELETE CASCADE ON UPDATE CASCADE,
  CONSTRAINT `fk_revisions_templates1` FOREIGN KEY (`templateId`) REFERENCES `templates` (`id`) ON DELETE CASCADE ON UPDATE CASCADE,
  CONSTRAINT `fk_revisions_templates2` FOREIGN KEY (`templateUid`) REFERENCES `templates` (`uid`) ON DELETE CASCADE ON UPDATE CASCADE,
  CONSTRAINT `revisions_ibfk_1` FOREIGN KEY (`clientId`) REFERENCES `clients` (`id`) ON DELETE CASCADE ON UPDATE CASCADE
) ENGINE=InnoDB AUTO_INCREMENT=50 DEFAULT CHARSET=utf8 COLLATE=utf8_bin ROW_FORMAT=COMPACT;

-- ----------------------------
--  Records of `revisions`
-- ----------------------------
BEGIN;
INSERT INTO `revisions` VALUES ('8377354f-d348-4f66-a3dd-cae9278fd2b2', '40', 0x6173646661736466617364666173646661736466, '', '0', '44cc27a5-af8b-412f-855a-57c8205d86f5', '7825c216-299f-48d8-b735-cf36259bb998', '45b7c719-2049-4a44-ad9c-09e858afc48b', '2013-06-08 22:34:37', '2013-07-04 20:25:14', null, '1', '1', '49'), ('598aaeb7-eeba-48a9-a17f-6fff015a8587', '41', '', '', '0', '44cc27a5-af8b-412f-855a-57c8205d86f5', 'e2ca56ae-5fae-4072-8947-682ab9a73ba2', '45b7c719-2049-4a44-ad9c-09e858afc48b', '2013-07-01 18:21:13', '2013-07-01 18:21:13', null, '1', '1', '50'), ('c3c33669-68ad-4bc7-97df-222bfad7fabb', '42', '', '', '0', '44cc27a5-af8b-412f-855a-57c8205d86f5', 'b2eda312-9b09-4538-a2db-48ce33e0c716', '45b7c719-2049-4a44-ad9c-09e858afc48b', '2013-07-16 20:50:58', '2013-07-16 20:50:58', null, '1', '1', '51'), ('833ed961-1c60-4853-b082-bdc436f73bef', '43', '', '', '0', '44cc27a5-af8b-412f-855a-57c8205d86f5', '3c625ab5-a3fa-4243-8423-f0c4e7a011b0', '45b7c719-2049-4a44-ad9c-09e858afc48b', '2013-08-01 08:10:15', '2013-08-01 08:10:15', null, '1', '1', '52'), ('a50ec1f6-9f3c-4ee7-95a0-0895e0f1a86d', '44', '', '', '0', '44cc27a5-af8b-412f-855a-57c8205d86f5', 'a66013b6-c843-48fc-bba0-9a3a80f38ca3', '45b7c719-2049-4a44-ad9c-09e858afc48b', '2013-08-02 01:50:53', '2013-08-02 01:50:53', null, '1', '1', '53'), ('80ef343c-630e-422b-b4a1-3c0b1b998417', '45', '', '', '0', '44cc27a5-af8b-412f-855a-57c8205d86f5', '09aa239e-8031-4bf3-b386-7f1e43164fd1', '04ad5b05-c9a5-430f-8d5c-8483d5d904e4', '2013-08-02 01:51:27', '2013-08-02 01:51:27', null, '1', '2', '54'), ('b1cc08a7-0ef9-4e36-a803-fb865ae764b2', '46', '', '', '0', '44cc27a5-af8b-412f-855a-57c8205d86f5', 'b2b454b6-ab0d-462f-bfe5-529d20f90406', '04ad5b05-c9a5-430f-8d5c-8483d5d904e4', '2013-08-02 16:08:45', '2013-08-02 16:08:45', null, '1', '2', '55'), ('eb743430-9e8b-4d9d-abb6-7880a4bc9374', '47', '', '', '0', '44cc27a5-af8b-412f-855a-57c8205d86f5', 'bfd53dd2-311a-4bb7-b203-269bcecbbef3', '45b7c719-2049-4a44-ad9c-09e858afc48b', '2013-08-04 14:44:38', '2013-08-04 14:44:38', null, '1', '1', '56'), ('95c3d2d2-7ad9-4942-9602-26b7413d152e', '48', '', '', '0', '44cc27a5-af8b-412f-855a-57c8205d86f5', 'a2838ff1-49a1-4c08-8fcb-5edfd8b72267', '45b7c719-2049-4a44-ad9c-09e858afc48b', '2013-08-31 19:58:30', '2013-08-31 19:58:30', null, '1', '1', '57'), ('423d53b2-9f17-48ea-a113-d844d9afdead', '49', '', '', '0', '44cc27a5-af8b-412f-855a-57c8205d86f5', 'd476cc39-84c2-4453-8d56-9cd2971045ad', '45b7c719-2049-4a44-ad9c-09e858afc48b', '2013-10-01 00:48:04', '2013-10-01 00:48:04', null, '1', '1', '58');
COMMIT;

-- ----------------------------
--  Table structure for `submissionFieldDictionaryItems`
-- ----------------------------
DROP TABLE IF EXISTS `submissionFieldDictionaryItems`;
CREATE TABLE `submissionFieldDictionaryItems` (
  `uid` varchar(255) CHARACTER SET utf8 NOT NULL,
  `id` int(11) NOT NULL AUTO_INCREMENT,
  `clientUid` varchar(255) COLLATE utf8_bin NOT NULL,
  `dictionaryItemUid` varchar(255) COLLATE utf8_bin NOT NULL,
  `submissionFieldUid` varchar(255) COLLATE utf8_bin NOT NULL,
  `createdAt` datetime NOT NULL,
  `updatedAt` datetime NOT NULL,
  `deletedAt` datetime DEFAULT NULL,
  `clientId` int(11) NOT NULL,
  `dictionaryItemId` int(11) NOT NULL,
  `submissionFieldId` int(11) NOT NULL,
  PRIMARY KEY (`id`),
  UNIQUE KEY `clientUid_2` (`clientId`,`dictionaryItemId`,`submissionFieldId`),
  KEY `clientUid` (`clientUid`),
  KEY `dictionaryItemUid` (`dictionaryItemUid`),
  KEY `submissionFieldUid` (`submissionFieldUid`),
  KEY `clientId` (`clientId`),
  KEY `dictionaryItemId` (`dictionaryItemId`),
  KEY `submissionFieldId` (`submissionFieldId`),
  CONSTRAINT `submissionfielddictionaryitems_ibfk_1` FOREIGN KEY (`clientUid`) REFERENCES `clients` (`uid`) ON DELETE CASCADE ON UPDATE CASCADE,
  CONSTRAINT `submissionfielddictionaryitems_ibfk_2` FOREIGN KEY (`dictionaryItemUid`) REFERENCES `dictionaryItems` (`uid`) ON DELETE CASCADE ON UPDATE CASCADE,
  CONSTRAINT `submissionfielddictionaryitems_ibfk_3` FOREIGN KEY (`submissionFieldUid`) REFERENCES `submissionFields` (`uid`) ON DELETE CASCADE ON UPDATE CASCADE,
  CONSTRAINT `submissionfielddictionaryitems_ibfk_4` FOREIGN KEY (`clientId`) REFERENCES `clients` (`id`) ON DELETE CASCADE ON UPDATE CASCADE,
  CONSTRAINT `submissionfielddictionaryitems_ibfk_5` FOREIGN KEY (`dictionaryItemId`) REFERENCES `dictionaryItems` (`id`) ON DELETE CASCADE ON UPDATE CASCADE,
  CONSTRAINT `submissionfielddictionaryitems_ibfk_6` FOREIGN KEY (`submissionFieldId`) REFERENCES `submissionFields` (`id`) ON DELETE CASCADE ON UPDATE CASCADE
) ENGINE=InnoDB DEFAULT CHARSET=utf8 COLLATE=utf8_bin ROW_FORMAT=COMPACT;

-- ----------------------------
--  Table structure for `submissionFields`
-- ----------------------------
DROP TABLE IF EXISTS `submissionFields`;
CREATE TABLE `submissionFields` (
  `uid` varchar(255) COLLATE utf8_bin NOT NULL,
  `id` int(11) NOT NULL AUTO_INCREMENT,
  `openResponseValue` text COLLATE utf8_bin NOT NULL,
  `sliderValue` int(11) NOT NULL DEFAULT '0',
  `yesNoValue` tinyint(3) NOT NULL DEFAULT '0',
  `clientUid` varchar(255) COLLATE utf8_bin NOT NULL DEFAULT '',
  `fieldUid` varchar(255) COLLATE utf8_bin NOT NULL,
  `eventParticipantUid` varchar(255) COLLATE utf8_bin NOT NULL,
  `createdAt` datetime NOT NULL,
  `updatedAt` datetime NOT NULL,
  `deletedAt` datetime DEFAULT NULL,
  `clientId` int(11) NOT NULL DEFAULT '0',
  `fieldId` int(11) NOT NULL,
  `eventParticipantId` int(11) NOT NULL,
  PRIMARY KEY (`id`),
  UNIQUE KEY `uid_UNIQUE` (`uid`),
  KEY `fk_submissionFields_clients1` (`clientId`),
  KEY `fk_submissionFields_clients2` (`clientUid`),
  KEY `fieldUid` (`fieldUid`),
  KEY `fieldId` (`fieldId`),
  KEY `eventParticipantUid` (`eventParticipantUid`),
  KEY `eventParticipantId` (`eventParticipantId`),
  CONSTRAINT `fk_submissionFields_clients1` FOREIGN KEY (`clientId`) REFERENCES `clients` (`id`) ON DELETE CASCADE ON UPDATE CASCADE,
  CONSTRAINT `fk_submissionFields_clients2` FOREIGN KEY (`clientUid`) REFERENCES `clients` (`uid`) ON DELETE CASCADE ON UPDATE CASCADE,
  CONSTRAINT `submissionFields_ibfk_1` FOREIGN KEY (`eventParticipantUid`) REFERENCES `eventParticipants` (`uid`) ON DELETE CASCADE ON UPDATE CASCADE,
  CONSTRAINT `submissionFields_ibfk_2` FOREIGN KEY (`eventParticipantId`) REFERENCES `eventParticipants` (`id`) ON DELETE CASCADE ON UPDATE CASCADE,
  CONSTRAINT `submissionfields_ibfk_3` FOREIGN KEY (`fieldUid`) REFERENCES `fields` (`uid`) ON DELETE CASCADE ON UPDATE CASCADE,
  CONSTRAINT `submissionfields_ibfk_4` FOREIGN KEY (`fieldId`) REFERENCES `fields` (`id`) ON DELETE CASCADE ON UPDATE CASCADE
) ENGINE=InnoDB DEFAULT CHARSET=utf8 COLLATE=utf8_bin ROW_FORMAT=COMPACT;

-- ----------------------------
--  Table structure for `templates`
-- ----------------------------
DROP TABLE IF EXISTS `templates`;
CREATE TABLE `templates` (
  `uid` varchar(255) COLLATE utf8_bin NOT NULL DEFAULT '',
  `id` int(11) NOT NULL AUTO_INCREMENT,
  `name` varchar(255) COLLATE utf8_bin NOT NULL DEFAULT '',
  `type` enum('full','mini') COLLATE utf8_bin NOT NULL,
  `clientUid` varchar(255) COLLATE utf8_bin NOT NULL DEFAULT '',
  `employeeUid` varchar(255) COLLATE utf8_bin NOT NULL DEFAULT '',
  `createdAt` datetime NOT NULL,
  `updatedAt` datetime NOT NULL,
  `deletedAt` datetime DEFAULT NULL,
  `clientId` int(11) NOT NULL,
  `employeeId` int(11) NOT NULL,
  PRIMARY KEY (`id`),
  UNIQUE KEY `uid_UNIQUE` (`uid`),
  KEY `employeeId` (`employeeId`),
  KEY `clientId` (`clientId`),
  KEY `employeeUid` (`employeeUid`),
  KEY `clientUid` (`clientUid`),
  CONSTRAINT `templates_ibfk_1` FOREIGN KEY (`employeeId`) REFERENCES `employees` (`id`) ON DELETE CASCADE ON UPDATE CASCADE,
  CONSTRAINT `templates_ibfk_2` FOREIGN KEY (`clientId`) REFERENCES `clients` (`id`) ON DELETE CASCADE ON UPDATE CASCADE,
  CONSTRAINT `templates_ibfk_3` FOREIGN KEY (`employeeUid`) REFERENCES `employees` (`uid`) ON DELETE CASCADE ON UPDATE CASCADE,
  CONSTRAINT `templates_ibfk_4` FOREIGN KEY (`clientUid`) REFERENCES `clients` (`uid`) ON DELETE CASCADE ON UPDATE CASCADE
) ENGINE=InnoDB AUTO_INCREMENT=59 DEFAULT CHARSET=utf8 COLLATE=utf8_bin ROW_FORMAT=COMPACT;

-- ----------------------------
--  Records of `templates`
-- ----------------------------
BEGIN;
INSERT INTO `templates` VALUES ('05e7509d-1148-42b0-9049-df555e538692', '48', 'First Template', 'full', '44cc27a5-af8b-412f-855a-57c8205d86f5', '45b7c719-2049-4a44-ad9c-09e858afc48b', '2013-06-08 22:17:19', '2013-06-08 22:17:19', null, '1', '1'), ('7825c216-299f-48d8-b735-cf36259bb998', '49', 'microsoftddd', 'full', '44cc27a5-af8b-412f-855a-57c8205d86f5', '45b7c719-2049-4a44-ad9c-09e858afc48b', '2013-06-08 22:34:37', '2013-07-04 20:24:44', null, '1', '1'), ('e2ca56ae-5fae-4072-8947-682ab9a73ba2', '50', 'Apple 123', 'full', '44cc27a5-af8b-412f-855a-57c8205d86f5', '45b7c719-2049-4a44-ad9c-09e858afc48b', '2013-07-01 18:21:13', '2013-07-02 19:56:42', null, '1', '1'), ('b2eda312-9b09-4538-a2db-48ce33e0c716', '51', 'urutiti8t', 'mini', '44cc27a5-af8b-412f-855a-57c8205d86f5', '45b7c719-2049-4a44-ad9c-09e858afc48b', '2013-07-16 20:50:58', '2013-07-16 20:50:58', null, '1', '1'), ('3c625ab5-a3fa-4243-8423-f0c4e7a011b0', '52', 'Nehwsis', 'full', '44cc27a5-af8b-412f-855a-57c8205d86f5', '45b7c719-2049-4a44-ad9c-09e858afc48b', '2013-08-01 08:10:15', '2013-08-01 08:10:15', null, '1', '1'), ('a66013b6-c843-48fc-bba0-9a3a80f38ca3', '53', 'sadfasdf', 'full', '44cc27a5-af8b-412f-855a-57c8205d86f5', '45b7c719-2049-4a44-ad9c-09e858afc48b', '2013-08-02 01:50:53', '2013-08-02 01:50:53', null, '1', '1'), ('09aa239e-8031-4bf3-b386-7f1e43164fd1', '54', 'jtemps', 'full', '44cc27a5-af8b-412f-855a-57c8205d86f5', '04ad5b05-c9a5-430f-8d5c-8483d5d904e4', '2013-08-02 01:51:27', '2013-08-02 01:51:27', null, '1', '2'), ('b2b454b6-ab0d-462f-bfe5-529d20f90406', '55', 'new 1', 'full', '44cc27a5-af8b-412f-855a-57c8205d86f5', '04ad5b05-c9a5-430f-8d5c-8483d5d904e4', '2013-08-02 16:08:45', '2013-08-02 16:08:45', null, '1', '2'), ('bfd53dd2-311a-4bb7-b203-269bcecbbef3', '56', 'RealisticTemplate', 'full', '44cc27a5-af8b-412f-855a-57c8205d86f5', '45b7c719-2049-4a44-ad9c-09e858afc48b', '2013-08-04 14:44:38', '2013-08-04 14:44:38', null, '1', '1'), ('a2838ff1-49a1-4c08-8fcb-5edfd8b72267', '57', 'Alternate Site', 'full', '44cc27a5-af8b-412f-855a-57c8205d86f5', '45b7c719-2049-4a44-ad9c-09e858afc48b', '2013-08-31 19:58:30', '2013-08-31 19:58:30', null, '1', '1'), ('d476cc39-84c2-4453-8d56-9cd2971045ad', '58', 'skdjfalskdjfa;lsdf', 'full', '44cc27a5-af8b-412f-855a-57c8205d86f5', '45b7c719-2049-4a44-ad9c-09e858afc48b', '2013-10-01 00:48:04', '2013-10-01 00:48:04', null, '1', '1');
COMMIT;

SET FOREIGN_KEY_CHECKS = 1;
